Y,date,weekday,D,L,Z,K,slip,resid_trop,E,theta,hour,illum,beta,delta_t_h,dr_Y,dr_D,dr_Z,dr_K
11,2037-06-30,Tuesday,4018,3,574,136,1.83991,0.3359,27.533066,207.533066,0,0.94366,-0.6608,0.019,2,4,7,1
17,2043-06-30,Tuesday,6209,4,887,210,7.576331,-0.1172,88.457663,268.457663,0,0.51474,0.2641,0.02,8,8,5,3
22,2048-06-30,Tuesday,8036,6,1148,272,3.679819,0.6718,53.336534,233.336534,0,0.79838,4.7788,0.02,4,8,5,2
28,2054-06-30,Tuesday,10227,7,1461,346,9.416241,0.2187,109.431767,289.431767,0,0.33531,-4.3671,0.02,1,3,3,4
39,2065-06-30,Tuesday,14245,10,2035,482,11.25615,0.5546,138.45534,318.45534,0,0.12756,4.5485,0.021,3,7,1,5
45,2071-06-30,Tuesday,16436,11,2348,557,-12.538017,0.1015,134.858932,45.141068,23,0.14841,-3.049,0.022,9,2,8,8
50,2076-06-30,Tuesday,18263,13,2609,618,13.09606,0.8905,165.475961,345.475961,0,0.01606,-0.1636,0.023,5,2,8,6
56,2082-06-30,Tuesday,20454,14,2922,693,-10.698108,0.4374,120.543661,59.456339,23,0.24683,-0.9932,0.023,2,6,6,9
67,2093-06-30,Tuesday,24472,17,3496,829,-8.858198,0.7733,102.008764,77.991236,23,0.39751,4.6669,0.025,4,1,4,1
73,2099-06-30,Tuesday,26663,18,3809,903,-3.121777,0.3202,20.030769,159.969231,23,0.96814,-4.9238,0.027,1,5,2,3
79,2105-06-30,Tuesday,28854,19,4122,977,2.614645,-0.133,27.899295,207.899295,0,0.94085,4.5122,0.028,7,9,9,5
85,2111-06-30,Tuesday,31045,20,4435,1051,8.351066,-0.5861,110.143643,290.143643,0,0.32966,-5.1494,0.029,4,4,7,7
90,2116-06-30,Tuesday,32872,22,4696,1113,4.454554,0.2029,54.096609,234.096609,0,0.79329,-4.3858,0.03,9,4,7,6
96,2122-06-30,Tuesday,35063,23,5009,1187,10.190976,-0.2502,125.993737,305.993737,0,0.20774,4.1602,0.032,6,8,5,8
107,2133-06-30,Tuesday,39081,26,5583,1323,12.030885,0.0857,142.22368,322.22368,0,0.10526,-0.3699,0.035,8,3,3,9
113,2139-06-30,Tuesday,41272,27,5896,1398,-11.763282,-0.3674,127.708946,52.291054,23,0.19522,-2.2414,0.037,5,7,1,3
118,2144-06-30,Tuesday,43099,29,6157,1459,13.870795,0.4216,165.761136,345.761136,0,0.01665,-4.0371,0.039,1,7,1,1
124,2150-06-30,Tuesday,45290,30,6470,1534,-9.923373,-0.0315,100.333225,79.666775,23,0.41188,5.2697,0.041,7,2,8,4
135,2161-06-30,Tuesday,49308,33,7044,1670,-8.083463,0.3044,83.011049,96.988951,23,0.56185,-3.7598,0.045,9,6,6,5
141,2167-06-30,Tuesday,51499,34,7357,1744,-2.347042,-0.1487,17.275282,162.724718,23,0.97663,3.5291,0.047,6,1,4,7
146,2172-06-30,Tuesday,53326,36,7618,1806,-6.243553,0.6403,69.514551,110.485449,23,0.67599,-0.0516,0.049,2,1,4,6
152,2178-06-30,Tuesday,55517,37,7931,1880,-0.507132,0.1872,0.048895,180.048895,2,0.99998,0.5069,0.052,8,5,2,8
163,2189-06-30,Tuesday,59535,40,8505,2016,1.332778,0.5231,23.03953,203.03953,0,0.95892,-4.5106,0.057,1,9,9,9
169,2195-06-30,Tuesday,61726,41,8818,2090,7.069199,0.0699,80.786475,260.786475,0,0.58114,4.3771,0.059,7,4,7,2
175,2201-06-30,Tuesday,63917,42,9131,2164,12.80562,-0.3832,162.03037,342.03037,0,0.02616,-4.7661,0.062,4,8,5,4
181,2207-06-30,Tuesday,66108,43,9444,2239,-10.988547,-0.8363,127.297228,52.702772,23,0.19904,5.1227,0.065,1,3,3,7
186,2212-06-30,Tuesday,67935,45,9705,2300,14.64553,-0.0473,165.525399,14.474601,23,0.01674,3.2742,0.068,6,3,3,5
192,2218-06-30,Tuesday,70126,46,10018,2375,-9.148638,-0.5004,101.699761,78.300239,23,0.40003,-3.4869,0.071,3,7,1,8
203,2229-06-30,Tuesday,74144,49,10592,2511,-7.308728,-0.1645,71.671787,108.328213,23,0.65828,-1.8028,0.077,5,2,8,9
209,2235-06-30,Tuesday,76335,50,10905,2585,-1.572307,-0.6176,9.557362,170.442638,23,0.99289,1.5701,0.08,2,6,6,2
214,2240-06-30,Tuesday,78162,52,11166,2647,-5.468818,0.1714,47.968316,132.031684,23,0.83413,5.0189,0.083,7,6,6,1
220,2246-06-30,Tuesday,80353,53,11479,2721,0.267603,-0.2817,0.188018,179.811982,0,0.99856,-4.3485,0.087,4,1,4,3
231,2257-06-30,Tuesday,84371,56,12053,2857,2.107513,0.0542,26.172523,206.172523,0,0.94776,4.3288,0.094,6,5,2,4
237,2263-06-30,Tuesday,86562,57,12366,2931,7.843934,-0.399,98.051012,278.051012,0,0.4314,-4.229,0.098,3,9,9,6
242,2268-06-30,Tuesday,88389,59,12627,2993,3.947422,0.3901,54.86443,234.86443,0,0.78868,0.2664,0.101,8,9,9,5
248,2274-06-30,Tuesday,90580,60,12940,3067,9.683844,-0.063,112.387112,292.387112,0,0.31066,0.5904,0.105,5,4,7,7
259,2285-06-30,Tuesday,94598,63,13514,3203,11.523753,0.2729,136.693008,316.693008,0,0.13765,3.9707,0.113,7,8,5,8
265,2291-06-30,Tuesday,96789,64,13827,3278,-12.270414,-0.1803,129.689572,50.310428,23,0.18271,-5.1569,0.117,4,3,3,2
270,2296-06-30,Tuesday,98616,66,14088,3339,13.363663,0.6088,164.993547,344.993547,0,0.01873,-4.6297,0.121,9,3,3,9
277,2303-06-30,Tuesday,101171,66,14453,3426,-0.797571,-1.0865,0.021569,179.978431,7,0.99813,-4.9626,0.126,7,2,8,6
282,2308-06-30,Tuesday,102998,68,14714,3488,-4.694083,-0.2975,45.547941,134.452059,23,0.85003,-3.7349,0.13,3,2,8,5
288,2314-06-30,Tuesday,105189,69,15027,3562,1.042338,-0.7506,16.186104,196.186104,0,0.97929,3.7252,0.134,9,6,6,7
299,2325-06-30,Tuesday,109207,72,15601,3698,2.882248,-0.4147,32.777965,212.777965,0,0.92079,0.2224,0.143,2,1,4,8
305,2331-06-30,Tuesday,111398,73,15914,3772,8.618669,-0.8679,111.539838,291.539838,0,0.31764,-1.294,0.148,8,5,2,1
310,2336-06-30,Tuesday,113225,75,16175,3834,4.722157,-0.0788,52.92627,232.92627,0,0.80147,-4.302,0.152,4,5,2,9
316,2342-06-30,Tuesday,115416,76,16488,3908,10.458579,-0.5319,133.848318,313.848318,0,0.15552,4.82,0.157,1,9,9,2
327,2353-06-30,Tuesday,119434,79,17062,4044,12.298488,-0.196,149.927323,329.927323,0,0.06892,-4.4576,0.167,3,4,7,3
333,2359-06-30,Tuesday,121625,80,17375,4119,-11.495679,-0.6492,129.84155,50.15845,23,0.18102,3.428,0.172,9,8,5,6
338,2364-06-30,Tuesday,123452,82,17636,4180,14.138398,0.1399,168.689152,348.689152,0,0.0098,0.7695,0.177,5,8,5,4
344,2370-06-30,Tuesday,125643,83,17949,4255,-9.65577,-0.3133,100.143713,79.856287,23,0.41322,1.8112,0.182,2,3,3,7
355,2381-06-30,Tuesday,129661,86,18523,4391,-7.81586,0.0227,75.562553,104.437447,23,0.62529,-5.1301,0.192,4,7,1,8
361,2387-06-30,Tuesday,131852,87,18836,4465,-2.079439,-0.4305,17.583317,162.416683,23,0.97511,4.7319,0.198,1,2,8,1
366,2392-06-30,Tuesday,133679,89,19097,4527,-5.97595,0.3586,60.718123,119.281877,23,0.74471,4.3326,0.203,6,2,8,9
372,2398-06-30,Tuesday,135870,90,19410,4601,-0.239529,-0.0946,0.149498,179.850502,3,0.9986,-4.299,0.209,3,6,6,2
383,2409-06-30,Tuesday,139888,93,19984,4737,1.600381,0.2413,25.587898,205.587898,0,0.95124,-0.0368,0.22,5,1,4,3
389,2415-06-30,Tuesday,142079,94,20297,4811,7.336802,-0.2118,83.947327,263.947327,0,0.55401,-0.5956,0.226,2,5,2,5
394,2420-06-30,Tuesday,143906,96,20558,4873,3.44029,0.5773,49.418055,229.418055,0,0.82508,4.3854,0.231,7,5,2,4
400,2426-06-30,Tuesday,146097,97,20871,4947,9.176712,0.1241,107.548632,287.548632,0,0.35082,-3.9841,0.237,4,9,9,6
411,2437-06-30,Tuesday,150115,100,21445,5083,11.016621,0.46,137.205519,317.205519,0,0.13501,4.7867,0.249,6,4,7,7
417,2443-06-30,Tuesday,152306,101,21758,5158,-12.777546,0.0069,140.008223,39.991777,23,0.11823,-3.7199,0.255,3,8,5,1
422,2448-06-30,Tuesday,154133,103,22019,5219,12.856531,0.7959,162.980536,342.980536,0,0.02206,-0.8339,0.261,8,8,5,8
428,2454-06-30,Tuesday,156324,104,22332,5294,-10.937637,0.3428,125.345138,54.654862,23,0.21156,-0.1111,0.267,5,3,3,2
439,2465-06-30,Tuesday,160342,107,22906,5430,-9.097727,0.6787,104.192129,75.807871,23,0.37896,4.3162,0.279,7,7,1,3
445,2471-06-30,Tuesday,162533,108,23219,5504,-3.361306,0.2256,23.992459,156.007541,23,0.95543,-4.7051,0.286,4,2,8,5
450,2476-06-30,Tuesday,164360,110,23480,5566,-7.257817,1.0146,74.450149,105.549851,23,0.63476,-4.7312,0.292,9,2,8,4
456,2482-06-30,Tuesday,166551,111,23793,5640,-1.521396,0.5615,6.051313,173.948687,23,0.99581,4.321,0.299,6,6,6,6
467,2493-06-30,Tuesday,170569,114,24367,5776,0.318514,0.8974,0.205333,180.205333,0,0.99976,-1.783,0.312,8,1,4,7
473,2499-06-30,Tuesday,172760,115,24680,5850,6.054935,0.4443,82.000932,262.000932,0,0.57089,0.2898,0.319,5,5,2,9
479,2505-06-30,Tuesday,174951,116,24993,5924,11.791356,-0.0089,138.329627,318.329627,0,0.12714,-1.1696,0.327,2,9,9,2
485,2511-06-30,Tuesday,177142,117,25306,5999,-12.002811,-0.462,129.102805,50.897195,23,0.18555,-1.6981,0.334,8,4,7,5
490,2516-06-30,Tuesday,178969,119,25567,6060,13.631266,0.327,163.645832,343.645832,0,0.0213,-3.6254,0.34,4,4,7,3
496,2522-06-30,Tuesday,181160,120,25880,6135,-10.162902,-0.1261,103.756133,76.243867,23,0.38272,5.1419,0.348,1,8,5,6
507,2533-06-30,Tuesday,185178,123,26454,6271,-8.322992,0.2098,88.626066,91.373934,23,0.51312,-4.3694,0.362,3,3,3,7
513,2539-06-30,Tuesday,187369,124,26767,6345,-2.586571,-0.2433,18.758419,161.241581,23,0.97244,3.9228,0.369,9,7,1,9
518,2544-06-30,Tuesday,189196,126,27028,6407,-6.483082,0.5457,73.654061,106.345939,23,0.64179,0.7776,0.376,5,7,1,8
524,2550-06-30,Tuesday,191387,127,27341,6481,-0.746661,0.0926,0.175384,180.175384,7,1.0,0.0934,0.384,2,2,8,1
535,2561-06-30,Tuesday,195405,130,27915,6617,1.093249,0.4285,18.827219,198.827219,0,0.97222,-4.0608,0.398,4,6,6,2
541,2567-06-30,Tuesday,197596,131,28228,6691,6.82967,-0.0246,78.909383,258.909383,0,0.59727,3.9848,0.406,1,1,4,4
546,2572-06-30,Tuesday,199423,133,28489,6753,2.933158,0.7644,36.415471,216.415471,0,0.90135,4.9382,0.413,6,1,4,3
552,2578-06-30,Tuesday,201614,134,28802,6827,8.66958,0.3113,109.048844,289.048844,0,0.33864,-4.9237,0.421,3,5,2,5
563,2589-06-30,Tuesday,205632,137,29376,6963,10.509489,0.6472,135.264854,315.264854,0,0.14552,0.9782,0.436,5,9,9,6
569,2595-06-30,Tuesday,207823,138,29689,7038,-13.284678,0.1941,153.414291,26.585709,23,0.05311,-0.0121,0.445,2,4,7,9
575,2601-06-30,Tuesday,210014,139,30002,7112,-7.548257,-0.2591,73.314605,106.685395,23,0.64467,-1.2166,0.453,8,8,5,2
581,2607-06-30,Tuesday,212205,140,30315,7186,-1.811835,-0.7122,14.099332,165.900668,23,0.98495,0.7292,0.462,5,3,3,4
586,2612-06-30,Tuesday,214032,142,30576,7248,-5.708347,0.0768,52.198649,127.801351,23,0.80612,4.7753,0.469,1,3,3,3
592,2618-06-30,Tuesday,216223,143,30889,7322,0.028074,-0.3763,0.152082,179.847918,5,0.99871,-4.1214,0.477,7,7,1,5
603,2629-06-30,Tuesday,220241,146,31463,7458,1.867984,-0.0404,24.729483,204.729483,0,0.95296,4.5963,0.493,9,2,8,6
609,2635-06-30,Tuesday,222432,147,31776,7532,7.604405,-0.4935,92.371958,272.371958,0,0.48064,-4.7369,0.502,6,6,6,8
614,2640-06-30,Tuesday,224259,149,32037,7594,3.707893,0.2955,52.779311,232.779311,0,0.8033,-0.3814,0.51,2,6,6,7
620,2646-06-30,Tuesday,226450,150,32350,7668,9.444315,-0.1576,108.622565,288.622565,0,0.34153,1.3782,0.519,8,1,4,9
631,2657-06-30,Tuesday,230468,153,32924,7804,11.284224,0.1783,134.971033,314.971033,0,0.14798,3.5559,0.535,1,5,2,1
637,2663-06-30,Tuesday,232659,154,33237,7879,-12.509943,-0.2748,133.279203,46.720797,23,0.15917,-4.9971,0.544,7,9,9,4
642,2668-06-30,Tuesday,234486,156,33498,7940,13.124134,0.5142,163.397566,343.397566,0,0.02267,-4.8303,0.552,3,9,9,2
648,2674-06-30,Tuesday,236677,157,33811,8015,-10.670034,0.0611,116.443993,63.556007,23,0.27891,4.3016,0.561,9,4,7,5
659,2685-06-30,Tuesday,240695,160,34385,8151,-8.830124,0.397,101.952635,78.047365,23,0.39763,-0.7628,0.578,2,8,5,6
665,2691-06-30,Tuesday,242886,161,34698,8225,-3.093703,-0.0562,20.23206,159.76794,23,0.96924,-0.6288,0.588,8,3,3,8
670,2696-06-30,Tuesday,244713,163,34959,8287,-6.990214,0.7329,77.313781,102.686219,23,0.61074,-3.9353,0.596,4,3,3,7
677,2703-06-30,Tuesday,247268,163,35324,8373,8.37914,-0.9624,109.613536,289.613536,0,0.33336,-0.6667,0.607,2,2,8,3
682,2708-06-30,Tuesday,249095,165,35585,8435,4.482629,-0.1734,50.905289,230.905289,0,0.81543,-3.9005,0.615,7,2,8,2
688,2714-06-30,Tuesday,251286,166,35898,8509,10.21905,-0.6265,129.304297,309.304297,0,0.185,4.4668,0.625,4,6,6,4
699,2725-06-30,Tuesday,255304,169,36472,8645,12.058959,-0.2906,144.62581,324.62581,0,0.09418,-4.8533,0.643,6,1,4,5
705,2731-06-30,Tuesday,257495,170,36785,8720,-11.735208,-0.7437,131.117646,48.882354,23,0.17268,3.8336,0.652,3,5,2,8
710,2736-06-30,Tuesday,259322,172,37046,8781,13.898869,0.0453,165.045542,345.045542,0,0.01719,1.5321,0.661,8,5,2,6
716,2742-06-30,Tuesday,261513,173,37359,8856,-9.895298,-0.4078,101.759687,78.240313,23,0.39932,1.2219,0.671,5,9,9,9
727,2753-06-30,Tuesday,265531,176,37933,8992,-8.055389,-0.0719,79.803018,100.196982,23,0.58934,-4.8758,0.689,7,4,7,1
733,2759-06-30,Tuesday,267722,177,38246,9066,-2.318967,-0.5251,19.968636,160.031364,23,0.96864,4.4656,0.699,4,8,5,3
738,2764-06-30,Tuesday,269549,179,38507,9128,-6.215479,0.264,66.278513,113.721487,23,0.70139,4.8119,0.708,9,8,5,2
744,2770-06-30,Tuesday,271740,180,38820,9202,-0.479058,-0.1891,0.086291,180.086291,7,0.99847,-4.4943,0.718,6,3,3,4
755,2781-06-30,Tuesday,275758,183,39394,9338,1.360852,0.1468,23.087199,203.087199,0,0.96016,0.641,0.737,8,7,1,5
761,2787-06-30,Tuesday,277949,184,39707,9412,7.097273,-0.3064,80.163311,260.163311,0,0.58668,-1.3825,0.747,5,2,8,7
766,2792-06-30,Tuesday,279776,186,39968,9474,3.200761,0.4827,44.813932,224.813932,0,0.85456,3.8375,0.756,1,2,8,6
772,2798-06-30,Tuesday,281967,187,40281,9548,8.937183,0.0296,106.101058,286.101058,0,0.36285,-3.5646,0.767,7,6,6,8
783,2809-06-30,Tuesday,285985,190,40855,9684,10.777092,0.3655,135.759929,315.759929,0,0.1438,4.9751,0.786,9,1,4,9
789,2815-06-30,Tuesday,288176,191,41168,9759,-13.017075,-0.0877,145.425419,34.574581,23,0.08984,-4.2834,0.797,6,5,2,3
794,2820-06-30,Tuesday,290003,193,41429,9820,12.617002,0.7014,159.837691,339.837691,0,0.03096,-1.5516,0.806,2,5,2,1
800,2826-06-30,Tuesday,292194,194,41742,9895,-11.177166,0.2482,129.517952,50.482048,23,0.18261,0.7181,0.817,8,9,9,4
811,2837-06-30,Tuesday,296212,197,42316,10031,-9.337256,0.5842,105.87534,74.12466,23,0.36474,3.9228,0.837,1,4,7,5
817,2843-06-30,Tuesday,298403,198,42629,10105,-3.600834,0.131,28.629955,151.370045,23,0.93785,-4.3339,0.848,7,8,5,7
822,2848-06-30,Tuesday,300230,200,42890,10167,-7.497346,0.9201,75.584136,104.415864,23,0.6252,-4.9585,0.857,3,8,5,6
828,2854-06-30,Tuesday,302421,201,43203,10241,-1.760925,0.4669,11.273762,168.726238,23,0.98872,4.7249,0.868,9,3,3,8
839,2865-06-30,Tuesday,306439,204,43777,10377,0.078985,0.8028,0.019117,179.980883,6,0.99964,-2.1899,0.888,2,7,1,9
845,2871-06-30,Tuesday,308630,205,44090,10451,5.815406,0.3497,79.436,259.436,0,0.59293,0.9823,0.9,8,2,8,2
850,2876-06-30,Tuesday,310457,207,44351,10513,1.918894,1.1388,22.21434,202.21434,0,0.96266,-2.5479,0.909,4,2,8,1
856,2882-06-30,Tuesday,312648,208,44664,10587,7.655316,0.6856,96.904352,276.904352,0,0.44124,3.3312,0.921,1,6,6,3
867,2893-06-30,Tuesday,316666,211,45238,10723,9.495225,1.0215,110.46656,290.46656,0,0.327,-5.2404,0.942,3,1,4,4
873,2899-06-30,Tuesday,318857,212,45551,10798,-14.298942,0.5684,159.978095,20.021905,23,0.03191,4.62,0.953,9,5,2,7
879,2905-06-30,Tuesday,321048,213,45864,10872,-8.562521,0.1153,94.268141,85.731859,23,0.46409,-4.8372,0.965,6,9,9,9
885,2911-06-30,Tuesday,323239,214,46177,10946,-2.826099,-0.3379,20.313325,159.686675,23,0.96774,4.2715,0.977,3,4,7,2
890,2916-06-30,Tuesday,325066,216,46438,11008,-6.722611,0.4512,77.082395,102.917605,23,0.61287,1.5341,0.987,8,4,7,1
896,2922-06-30,Tuesday,327257,217,46751,11082,-0.98619,-0.002,0.1432,179.8568,12,0.99999,-0.3643,0.998,5,8,5,3
907,2933-06-30,Tuesday,331275,220,47325,11218,0.85372,0.3339,14.031821,194.031821,0,0.98429,-3.457,1.02,7,3,3,4
913,2939-06-30,Tuesday,333466,221,47638,11292,6.590141,-0.1192,77.444273,257.444273,0,0.6098,3.557,1.032,4,7,1,6
918,2944-06-30,Tuesday,335293,223,47899,11354,2.693629,0.6699,31.166279,211.166279,0,0.92654,5.0689,1.042,9,7,1,5
924,2950-06-30,Tuesday,337484,224,48212,11428,8.430051,0.2167,107.758947,287.758947,0,0.34933,-5.1043,1.055,6,2,8,7
935,2961-06-30,Tuesday,341502,227,48786,11564,10.26996,0.5526,131.940713,311.940713,0,0.16669,1.7154,1.077,8,6,6,8
941,2967-06-30,Tuesday,343693,228,49099,11639,-13.524207,0.0995,157.391105,22.608895,23,0.03866,-0.8218,1.089,5,1,4,2
946,2972-06-30,Tuesday,345520,230,49360,11700,12.10987,0.8885,148.19347,328.19347,0,0.07585,2.5634,1.1,1,1,4,9
952,2978-06-30,Tuesday,347711,231,49673,11775,-11.684298,0.4354,133.881676,46.118324,23,0.15487,-3.8209,1.112,7,5,2,3
963,2989-06-30,Tuesday,351729,234,50247,11911,-9.844388,0.7713,104.215494,75.784506,23,0.37888,4.9657,1.135,9,9,9,4
969,2995-06-30,Tuesday,353920,235,50560,11985,-4.107967,0.3182,42.142417,137.857583,23,0.86983,-4.963,1.148,6,4,7,6
975,3001-06-30,Tuesday,356111,236,50873,12059,1.628455,-0.135,23.135548,203.135548,0,0.95842,4.8091,1.161,3,8,5,8
981,3007-06-30,Tuesday,358302,237,51186,12133,7.364876,-0.5881,86.849794,266.849794,0,0.52864,-5.0828,1.173,9,3,3,1
986,3012-06-30,Tuesday,360129,239,51447,12195,3.468364,0.201,50.055411,230.055411,0,0.82176,-1.0826,1.184,5,3,3,9
992,3018-06-30,Tuesday,362320,240,51760,12269,9.204786,-0.2522,105.556309,285.556309,0,0.36721,2.0814,1.197,2,7,1,2
1003,3029-06-30,Tuesday,366338,243,52334,12405,11.044695,0.0837,133.52886,313.52886,0,0.15686,3.1036,1.221,4,2,8,3
1009,3035-06-30,Tuesday,368529,244,52647,12480,-12.749472,-0.3694,137.563647,42.436353,23,0.13277,-4.6906,1.234,1,6,6,6
1014,3040-06-30,Tuesday,370356,246,52908,12541,12.884605,0.4196,161.527997,341.527997,0,0.02769,-4.9704,1.245,6,6,6,4
1020,3046-06-30,Tuesday,372547,247,53221,12616,-10.909562,-0.0335,122.002663,57.997337,23,0.23679,4.7525,1.258,3,1,4,7
1031,3057-06-30,Tuesday,376565,250,53795,12752,-9.069653,0.3024,105.40462,74.59538,23,0.36839,-1.5196,1.282,5,5,2,8
1037,3063-06-30,Tuesday,378756,251,54108,12826,-3.333231,-0.1507,23.090809,156.909191,23,0.9601,0.0834,1.296,2,9,9,1
1042,3068-06-30,Tuesday,380583,253,54369,12888,-7.229743,0.6383,78.62649,101.37351,23,0.59963,-3.5136,1.307,7,9,9,9
1048,3074-06-30,Tuesday,382774,254,54682,12962,-1.493322,0.1852,3.555004,176.444996,23,0.99783,3.9956,1.321,4,4,7,2
1059,3085-06-30,Tuesday,386792,257,55256,13098,0.346588,0.5211,1.324233,181.324233,0,0.99797,-5.005,1.345,6,8,5,3
1065,3091-06-30,Tuesday,388983,258,55569,13172,6.083009,0.068,79.18614,259.18614,0,0.59476,5.1252,1.359,3,3,3,5
1070,3096-06-30,Tuesday,390810,260,55830,13234,2.186497,0.857,22.42284,202.42284,0,0.96184,2.8743,1.371,8,3,3,4
1077,3103-06-30,Tuesday,393365,260,56195,13321,-11.974737,-0.8383,132.402605,47.597395,23,0.16445,4.1958,1.387,6,2,8,1
1082,3108-06-30,Tuesday,395192,262,56456,13382,13.65934,-0.0493,162.000093,342.000093,0,0.02495,2.2134,1.398,2,2,8,8
1088,3114-06-30,Tuesday,397383,263,56769,13457,-10.134827,-0.5024,103.991521,76.008479,23,0.38028,0.5593,1.412,8,6,6,2
1099,3125-06-30,Tuesday,401401,266,57343,13593,-8.294918,-0.1665,84.745867,95.254133,23,0.54681,-4.4595,1.438,1,1,4,3
1105,3131-06-30,Tuesday,403592,267,57656,13667,-2.558496,-0.6196,21.946088,158.053912,23,0.96271,4.1368,1.452,7,5,2,5
1110,3136-06-30,Tuesday,405419,269,57917,13729,-6.455008,0.1694,71.580545,108.419455,23,0.65839,5.1266,1.464,3,5,2,4
1116,3142-06-30,Tuesday,407610,270,58230,13803,-0.718587,-0.2837,0.143362,180.143362,11,0.99835,-4.6679,1.478,9,9,9,6
1127,3153-06-30,Tuesday,411628,273,58804,13939,1.121323,0.0522,19.925562,199.925562,0,0.97011,1.369,1.504,2,4,7,7
1133,3159-06-30,Tuesday,413819,274,59117,14013,6.857744,-0.4009,77.061376,257.061376,0,0.61316,-2.0857,1.519,8,8,5,9
1138,3164-06-30,Tuesday,415646,276,59378,14075,2.961232,0.3881,39.705518,219.705518,0,0.88463,3.138,1.531,4,8,5,8
1144,3170-06-30,Tuesday,417837,277,59691,14149,8.697654,-0.065,104.87134,284.87134,0,0.37314,-3.1097,1.545,1,3,3,1
1155,3181-06-30,Tuesday,421855,280,60265,14285,10.537563,0.2709,133.925587,313.925587,0,0.15522,5.1058,1.572,3,7,1,2
1161,3187-06-30,Tuesday,424046,281,60578,14360,-13.256604,-0.1822,150.783779,29.216221,23,0.06537,-4.6998,1.587,9,2,8,5
1166,3192-06-30,Tuesday,425873,283,60839,14421,12.377473,0.6068,155.991956,335.991956,0,0.04383,-2.3009,1.599,5,2,8,3
1172,3198-06-30,Tuesday,428064,284,61152,14496,-11.416694,0.1537,133.016686,46.983314,23,0.15969,1.474,1.614,2,6,6,6
1183,3209-06-30,Tuesday,432082,287,61726,14632,-9.576785,0.4896,107.243462,72.756538,23,0.35324,3.4919,1.642,4,1,4,7
1189,3215-06-30,Tuesday,434273,288,62039,14706,-3.840363,0.0364,33.770897,146.229103,23,0.91504,-3.8,1.657,1,5,2,9
1194,3220-06-30,Tuesday,436100,290,62300,14768,-7.736875,0.8255,77.050132,102.949868,23,0.61279,-5.1369,1.669,6,5,2,8
1200,3226-06-30,Tuesday,438291,291,62613,14842,-2.000454,0.3724,16.223575,163.776425,23,0.97836,4.9674,1.684,3,9,9,1
1211,3237-06-30,Tuesday,442309,294,63187,14978,-0.160544,0.7083,0.085131,180.085131,12,0.9995,-2.5576,1.712,5,4,7,2
1217,3243-06-30,Tuesday,444500,295,63500,15052,5.575877,0.2551,76.136119,256.136119,0,0.62099,1.7227,1.728,2,8,5,4
1222,3248-06-30,Tuesday,446327,297,63761,15114,1.679365,1.0442,20.65141,200.65141,0,0.96779,-2.0049,1.74,7,8,5,3
1228,3254-06-30,Tuesday,448518,298,64074,15188,7.415787,0.591,91.334578,271.334578,0,0.48963,2.5301,1.756,4,3,3,5
1239,3265-06-30,Tuesday,452536,301,64648,15324,9.255696,0.927,106.069079,286.069079,0,0.36333,-5.1135,1.784,6,7,1,6
1245,3271-06-30,Tuesday,454727,302,64961,15399,-14.538471,0.4738,161.758161,18.241839,23,0.02695,4.8272,1.8,3,2,8,9
1250,3276-06-30,Tuesday,456554,304,65222,15460,11.095606,1.2629,131.145282,311.145282,0,0.17248,3.7739,1.813,8,2,8,7
1256,3282-06-30,Tuesday,458745,305,65535,15535,-12.698562,0.8097,135.801466,44.198534,23,0.14222,-1.2664,1.829,5,6,6,1
1267,3293-06-30,Tuesday,462763,308,66109,15671,-10.858652,1.1457,117.708521,62.291479,23,0.26879,-3.1282,1.858,7,1,4,2
1273,3299-06-30,Tuesday,464954,309,66422,15745,-5.122231,0.6925,51.184803,128.815197,23,0.81371,3.0447,1.874,4,5,2,4
1279,3305-06-30,Tuesday,467145,310,66735,15819,0.614191,0.2394,8.893377,188.893377,0,0.99348,-2.7146,1.89,1,9,9,6
1285,3311-06-30,Tuesday,469336,311,67048,15893,6.350612,-0.2138,76.230852,256.230852,0,0.62015,3.0957,1.906,7,4,7,8
1290,3316-06-30,Tuesday,471163,313,67309,15955,2.4541,0.5753,26.374483,206.374483,0,0.94652,5.0375,1.919,3,4,7,7
1296,3322-06-30,Tuesday,473354,314,67622,16029,8.190522,0.1221,106.072264,286.072264,0,0.3634,-5.228,1.936,9,8,5,9
1307,3333-06-30,Tuesday,477372,317,68196,16165,10.030431,0.4581,127.88584,307.88584,0,0.19404,2.4801,1.965,2,3,3,1
1313,3339-06-30,Tuesday,479563,318,68509,16240,-13.763736,0.0049,160.727807,19.272193,23,0.02833,-1.5585,1.982,8,7,1,4
1318,3344-06-30,Tuesday,481390,320,68770,16301,11.870341,0.794,142.816582,322.816582,0,0.10227,1.7078,1.995,4,7,1,2
1324,3350-06-30,Tuesday,483581,321,69083,16376,-11.923826,0.3408,135.438027,44.561973,23,0.14502,-3.377,2.012,1,2,8,5
1335,3361-06-30,Tuesday,487599,324,69657,16512,-10.083917,0.6768,105.709576,74.290424,23,0.36634,5.1374,2.042,3,6,6,6
1341,3367-06-30,Tuesday,489790,325,69970,16586,-4.347495,0.2236,46.926639,133.073361,23,0.84068,-5.1454,2.059,9,1,4,8
1346,3372-06-30,Tuesday,491617,327,70231,16648,-8.244007,1.0127,81.47539,98.52461,23,0.57525,-1.9027,2.073,5,1,4,7
1352,3378-06-30,Tuesday,493808,328,70544,16722,-2.507586,0.5595,23.414738,156.585262,23,0.9586,2.3802,2.09,2,5,2,9
1363,3389-06-30,Tuesday,497826,331,71118,16858,-0.667676,0.8954,0.122634,180.122634,16,0.99954,2.462,2.121,4,9,9,1
1369,3395-06-30,Tuesday,500017,332,71431,16932,5.068745,0.4423,63.486525,243.486525,0,0.72402,-2.5327,2.138,1,4,7,3
1375,3401-06-30,Tuesday,502208,333,71744,17006,10.805167,-0.0108,132.188361,312.188361,0,0.16531,2.6109,2.155,7,8,5,5
1381,3407-06-30,Tuesday,504399,334,72057,17081,-12.989001,-0.464,142.449448,37.550552,23,0.10511,-4.2206,2.172,4,3,3,8
1386,3412-06-30,Tuesday,506226,336,72318,17142,12.645076,0.3251,159.209226,339.209226,0,0.03454,-5.0372,2.186,9,3,3,6
1392,3418-06-30,Tuesday,508417,337,72631,17217,-11.149091,-0.1281,127.290015,52.709985,23,0.19901,5.036,2.203,6,7,1,9
1403,3429-06-30,Tuesday,512435,340,73205,17353,-9.309182,0.2079,108.218962,71.781038,23,0.34493,-2.1957,2.235,8,2,8,1
1409,3435-06-30,Tuesday,514626,341,73518,17427,-3.57276,-0.2453,26.610092,153.389908,23,0.9472,0.8618,2.253,5,6,6,3
1414,3440-06-30,Tuesday,516453,343,73779,17489,-7.469272,0.5438,79.796776,100.203224,23,0.58968,-3.0529,2.267,1,6,6,2
1420,3446-06-30,Tuesday,518644,344,74092,17563,-1.732851,0.0906,8.713667,171.286333,23,0.99339,3.3659,2.285,7,1,4,4
1431,3457-06-30,Tuesday,522662,347,74666,17699,0.107059,0.4265,0.214923,180.214923,6,0.99812,-4.9768,2.317,9,5,2,5
1437,3463-06-30,Tuesday,524853,348,74979,17773,5.84348,-0.0266,77.497498,257.497498,0,0.60909,5.2416,2.335,6,9,9,7
1442,3468-06-30,Tuesday,526680,350,75240,17835,1.946968,0.7625,19.91485,199.91485,0,0.96946,3.4043,2.349,2,9,9,6
1448,3474-06-30,Tuesday,528871,351,75553,17909,7.68339,0.3093,100.298514,280.298514,0,0.41195,-2.5063,2.367,8,4,7,8
1459,3485-06-30,Tuesday,532889,354,76127,18045,9.523299,0.6452,113.602878,293.602878,0,0.30092,-1.5881,2.4,1,8,5,9
1465,3491-06-30,Tuesday,535080,355,76440,18120,-14.270868,0.1921,163.264436,16.735564,23,0.02203,3.1845,2.418,7,3,3,3
1470,3496-06-30,Tuesday,536907,357,76701,18181,11.363209,0.9811,131.851028,311.851028,0,0.16828,4.8144,2.433,3,3,3,1
1477,3503-06-30,Tuesday,539462,357,77066,18268,-2.798025,-0.7142,23.676763,156.323237,23,0.95711,3.7521,2.454,1,2,8,7
1482,3508-06-30,Tuesday,541289,359,77327,18330,-6.694537,0.0749,76.376079,103.623921,23,0.61838,5.2719,2.47,6,2,8,6
1488,3514-06-30,Tuesday,543480,360,77640,18404,-0.958116,-0.3783,0.055283,179.944717,15,0.99824,-4.8148,2.488,3,6,6,8
1499,3525-06-30,Tuesday,547498,363,78214,18540,0.881794,-0.0424,16.08504,196.08504,0,0.98022,2.1261,2.522,5,1,4,9
1505,3531-06-30,Tuesday,549689,364,78527,18614,6.618215,-0.4955,74.597367,254.597367,0,0.63393,-2.7045,2.54,2,5,2,2
1510,3536-06-30,Tuesday,551516,366,78788,18676,2.721704,0.2936,34.339171,214.339171,0,0.91295,2.3147,2.555,7,5,2,1
1516,3542-06-30,Tuesday,553707,367,79101,18750,8.458125,-0.1596,103.743475,283.743475,0,0.38263,-2.6169,2.574,4,9,9,3
1527,3553-06-30,Tuesday,557725,370,79675,18886,10.298035,0.1763,131.605077,311.605077,0,0.1701,5.1624,2.608,6,4,7,4
1533,3559-06-30,Tuesday,559916,371,79988,18961,-13.496133,-0.2768,155.81003,24.18997,23,0.04582,-4.9503,2.627,3,8,5,7
1538,3564-06-30,Tuesday,561743,373,80249,19022,12.137944,0.5122,151.498457,331.498457,0,0.0615,-3.0479,2.643,8,8,5,5
1544,3570-06-30,Tuesday,563934,374,80562,19097,-11.656223,0.0591,135.878576,44.121424,23,0.14195,2.1489,2.662,5,3,3,8
1555,3581-06-30,Tuesday,567952,377,81136,19233,-9.816314,0.395,108.443117,71.556883,23,0.34321,3.0235,2.696,7,7,1,9
1561,3587-06-30,Tuesday,570143,378,81449,19307,-4.079892,-0.0581,39.181398,140.818602,23,0.88743,-3.1149,2.715,4,2,8,2
1566,3592-06-30,Tuesday,571970,380,81710,19369,-7.976404,0.7309,78.977091,101.022909,23,0.5964,-5.253,2.731,9,2,8,1
1572,3598-06-30,Tuesday,574161,381,82023,19443,-2.239983,0.2778,20.692323,159.307677,23,0.96606,5.0497,2.751,6,6,6,3
1583,3609-06-30,Tuesday,578179,384,82597,19579,-0.400073,0.6137,0.002162,180.002162,17,0.99935,-2.9291,2.786,8,1,4,4
1589,3615-06-30,Tuesday,580370,385,82910,19653,5.336348,0.1606,72.094444,252.094444,0,0.65475,2.4859,2.805,5,5,2,6
1594,3620-06-30,Tuesday,582197,387,83171,19715,1.439836,0.9496,19.044187,199.044187,0,0.97266,-1.4262,2.821,1,5,2,5
1600,3626-06-30,Tuesday,584388,388,83484,19789,7.176258,0.4965,85.732272,265.732272,0,0.53846,1.6328,2.841,7,9,9,7
1611,3637-06-30,Tuesday,588406,391,84058,19925,9.016167,0.8324,102.360423,282.360423,0,0.3946,-4.8649,2.877,9,4,7,8
1617,3643-06-30,Tuesday,590597,392,84371,19999,14.752589,0.3793,163.943667,16.056333,23,0.02142,4.9668,2.896,6,8,5,1
1622,3648-06-30,Tuesday,592424,394,84632,20061,10.856077,1.1683,129.422785,309.422785,0,0.18413,4.1778,2.913,2,8,5,9
1628,3654-06-30,Tuesday,594615,395,84945,20136,-12.93809,0.7152,139.626671,40.373329,23,0.11982,-2.0334,2.933,8,3,3,3
1639,3665-06-30,Tuesday,598633,398,85519,20272,-11.098181,1.0511,123.238544,56.761456,23,0.22699,-2.2859,2.969,1,7,1,4
1645,3671-06-30,Tuesday,600824,399,85832,20346,-5.361759,0.5979,52.521502,127.478498,23,0.80471,2.5419,2.989,7,2,8,6
1650,3676-06-30,Tuesday,602651,401,86093,20408,-9.258271,1.387,108.076773,71.923227,23,0.34658,5.0616,3.006,3,2,8,5
1656,3682-06-30,Tuesday,604842,402,86406,20482,-3.52185,0.9339,26.046323,153.953677,23,0.94769,-5.0549,3.026,9,6,6,7
1667,3693-06-30,Tuesday,608860,405,86980,20618,-1.68194,1.2698,5.28716,174.71284,23,0.99722,2.9414,3.063,2,1,4,8
1673,3699-06-30,Tuesday,611051,406,87293,20692,4.054481,0.8166,45.472367,225.472367,0,0.85057,-3.8588,3.083,8,5,2,1
1679,3705-06-30,Tuesday,613242,407,87606,20766,9.790903,0.3635,123.158909,303.158909,0,0.22784,3.2374,3.103,5,9,9,3
1685,3711-06-30,Tuesday,615433,408,87919,20841,-14.003265,-0.0896,163.524647,16.475353,23,0.021,-2.2199,3.124,2,4,7,6
1690,3716-06-30,Tuesday,617260,410,88180,20902,11.630812,0.6994,137.560418,317.560418,0,0.1316,0.7931,3.141,7,4,7,4
1696,3722-06-30,Tuesday,619451,411,88493,20977,-12.163355,0.2463,136.874025,43.125975,23,0.13616,-2.8904,3.161,4,8,5,7
1707,3733-06-30,Tuesday,623469,414,89067,21113,-10.323446,0.5822,107.673818,72.326182,23,0.34998,5.2433,3.199,6,3,3,8
1713,3739-06-30,Tuesday,625660,415,89380,21187,-4.587024,0.129,51.164701,128.835299,23,0.81295,-5.1717,3.22,3,7,1,1
1718,3744-06-30,Tuesday,627487,417,89641,21249,-8.483536,0.9181,85.896899,94.103101,23,0.53692,-2.6881,3.237,8,7,1,9
1724,3750-06-30,Tuesday,629678,418,89954,21323,-2.747115,0.465,25.698706,154.301294,23,0.95015,2.955,3.258,5,2,8,2
1735,3761-06-30,Tuesday,633696,421,90528,21459,-0.907205,0.8009,0.224519,179.775481,19,0.99968,2.027,3.296,7,6,6,3
1741,3767-06-30,Tuesday,635887,422,90841,21533,4.829216,0.3477,57.946158,237.946158,0,0.76619,-1.6308,3.317,4,1,4,5
1746,3772-06-30,Tuesday,637714,424,91102,21595,0.932704,1.1368,16.641098,196.641098,0,0.97749,-4.8375,3.335,9,1,4,4
1752,3778-06-30,Tuesday,639905,425,91415,21669,6.669126,0.6836,74.032722,254.032722,0,0.63829,4.8573,3.356,6,5,2,6
1763,3789-06-30,Tuesday,643923,428,91989,21805,8.509035,1.0196,100.517472,280.517472,0,0.41031,-4.3174,3.395,8,9,9,7
1769,3795-06-30,Tuesday,646114,429,92302,21879,14.245457,0.5664,170.315481,9.684519,23,0.00758,2.3595,3.416,5,4,7,9
1775,3801-06-30,Tuesday,648305,430,92615,21954,-9.548711,0.1133,110.464613,69.535387,23,0.32652,-2.7929,3.438,2,8,5,3
1781,3807-06-30,Tuesday,650496,431,92928,22028,-3.812289,-0.3399,30.785528,149.214472,23,0.92964,1.6851,3.459,8,3,3,5
1786,3812-06-30,Tuesday,652323,433,93189,22090,-7.708801,0.4492,80.960108,99.039892,23,0.57973,-2.5495,3.477,4,3,3,4
1792,3818-06-30,Tuesday,654514,434,93502,22164,-1.97238,-0.0039,13.989024,166.010976,23,0.98472,2.606,3.499,1,7,1,6
1803,3829-06-30,Tuesday,658532,437,94076,22300,-0.13247,0.332,0.000661,179.999339,13,0.99818,-4.9069,3.538,3,2,8,7
1809,3835-06-30,Tuesday,660723,438,94389,22374,5.603951,-0.1212,75.257507,255.257507,0,0.62796,5.2806,3.56,9,6,6,9
1814,3840-06-30,Tuesday,662550,440,94650,22436,1.70744,0.6679,17.800482,197.800482,0,0.97515,3.8526,3.578,5,6,6,8
1820,3846-06-30,Tuesday,664741,441,94963,22510,7.443861,0.2147,95.543839,275.543839,0,0.45304,-3.2624,3.6,2,1,4,1
1831,3857-06-30,Tuesday,668759,444,95537,22646,9.283771,0.5507,108.273163,288.273163,0,0.34437,-0.657,3.64,4,5,2,2
1837,3863-06-30,Tuesday,670950,445,95850,22721,-14.510397,0.0975,164.924199,15.075801,23,0.01783,2.6775,3.662,1,9,9,5
1842,3868-06-30,Tuesday,672777,447,96111,22782,11.12368,0.8866,128.668413,308.668413,0,0.18934,4.4976,3.681,6,9,9,3
1848,3874-06-30,Tuesday,674968,448,96424,22857,-12.670487,0.4334,137.109002,42.890998,23,0.13573,-5.134,3.703,3,4,7,6
1859,3885-06-30,Tuesday,678986,451,96998,22993,-10.830578,0.7693,114.243849,65.756151,23,0.2959,2.6702,3.744,5,8,5,7
1865,3891-06-30,Tuesday,681177,452,97311,23067,-5.094156,0.3162,54.763929,125.236071,23,0.78883,-3.2056,3.766,2,3,3,9
1870,3896-06-30,Tuesday,683004,454,97572,23129,-8.990668,1.1053,100.862679,79.137321,23,0.40694,1.3964,3.785,7,3,3,8
1877,3903-06-30,Tuesday,685559,454,97937,23215,6.378687,-0.5901,72.616155,252.616155,0,0.65041,-3.2465,3.811,5,2,8,4
1882,3908-06-30,Tuesday,687386,456,98198,23277,2.482175,0.199,29.008443,209.008443,0,0.93747,1.4132,3.83,1,2,8,3
1888,3914-06-30,Tuesday,689577,457,98511,23351,8.218596,-0.2542,102.518928,282.518928,0,0.393,-2.0792,3.852,7,6,6,5
1899,3925-06-30,Tuesday,693595,460,99085,23487,10.058506,0.0818,128.692111,308.692111,0,0.18949,5.123,3.894,9,1,4,6
1905,3931-06-30,Tuesday,695786,461,99398,23562,-13.735662,-0.3714,160.366363,19.633637,23,0.03104,-5.0386,3.917,6,5,2,9
1910,3936-06-30,Tuesday,697613,463,99659,23623,11.898415,0.4177,146.472146,326.472146,0,0.08446,-3.7488,3.936,2,5,2,7
1916,3942-06-30,Tuesday,699804,464,99972,23698,-11.895752,-0.0355,138.254827,41.745173,23,0.12795,2.7477,3.959,8,9,9,1
1927,3953-06-30,Tuesday,703822,467,100546,23834,-10.055843,0.3004,109.671924,70.328076,23,0.333,2.5106,4.001,1,4,7,2
1933,3959-06-30,Tuesday,706013,468,100859,23908,-4.319421,-0.1527,44.596008,135.403992,23,0.85628,-2.3102,4.024,7,8,5,4
1938,3964-06-30,Tuesday,707840,470,101120,23970,-8.215933,0.6364,81.501801,98.498199,23,0.57478,-5.2868,4.043,3,8,5,3
1944,3970-06-30,Tuesday,710031,471,101433,24044,-2.479512,0.1832,24.600748,155.399252,23,0.95308,4.9885,4.067,9,3,3,5
1955,3981-06-30,Tuesday,714049,474,102007,24180,-0.639602,0.5191,0.14601,180.14601,22,0.99919,-3.2669,4.109,2,7,1,6
1961,3987-06-30,Tuesday,716240,475,102320,24254,5.096819,0.066,67.363021,247.363021,0,0.69324,3.2334,4.133,8,2,8,8
1966,3992-06-30,Tuesday,718067,477,102581,24316,1.200308,0.855,17.235025,197.235025,0,0.97765,-0.804,4.152,4,2,8,7
1972,3998-06-30,Tuesday,720258,478,102894,24390,6.936729,0.4019,80.331279,260.331279,0,0.58522,0.6923,4.176,1,6,6,9
1983,4009-06-30,Tuesday,724276,481,103468,24526,8.776639,0.7378,99.306824,279.306824,0,0.42068,-4.5233,4.219,3,1,4,1
1989,4015-06-30,Tuesday,726467,482,103781,24600,14.51306,0.2847,166.642584,13.357416,23,0.01547,5.0199,4.243,9,5,2,3
1994,4020-06-30,Tuesday,728294,484,104042,24662,10.616548,1.0737,127.917464,307.917464,0,0.19454,4.5154,4.263,5,5,2,2
2000,4026-06-30,Tuesday,730485,485,104355,24737,-13.177619,0.6206,144.120247,35.879753,23,0.09577,-2.7988,4.286,2,9,9,5
2011,4037-06-30,Tuesday,734503,488,104929,24873,-11.33771,0.9565,128.681058,51.318942,23,0.18833,-1.3712,4.33,4,4,7,6
2017,4043-06-30,Tuesday,736694,489,105242,24947,-5.601288,0.5034,53.99696,126.00304,23,0.79455,1.9879,4.354,1,8,5,8
2022,4048-06-30,Tuesday,738521,491,105503,25009,-9.4978,1.2924,111.530146,68.469854,23,0.31823,4.7767,4.374,6,8,5,7
2028,4054-06-30,Tuesday,740712,492,105816,25083,-3.761379,0.8393,29.237147,150.762853,23,0.93491,-5.0022,4.398,3,3,3,9
2039,4065-06-30,Tuesday,744730,495,106390,25219,-1.921469,1.1752,10.235397,169.764603,23,0.99108,3.6392,4.443,5,7,1,1
2045,4071-06-30,Tuesday,746921,496,106703,25293,3.814952,0.7221,43.707995,223.707995,0,0.86114,-4.2418,4.467,2,2,8,3
2050,4076-06-30,Tuesday,748748,498,106964,25355,-0.08156,1.5111,0.16048,180.16048,10,0.99999,-0.2708,4.487,7,2,8,2
2056,4082-06-30,Tuesday,750939,499,107277,25429,5.654862,1.058,73.268851,253.268851,0,0.6452,-0.5505,4.512,4,6,6,4
2067,4093-06-30,Tuesday,754957,502,107851,25565,7.494772,1.3939,98.056725,278.056725,0,0.43144,4.6991,4.557,6,1,4,5
2073,4099-06-30,Tuesday,757148,503,108164,25639,13.231193,0.9408,155.574077,335.574077,0,0.04617,-4.1497,4.581,3,5,2,7
2079,4105-06-30,Tuesday,759339,504,108477,25714,-10.562975,0.4876,110.224163,69.775837,23,0.32897,5.2621,4.606,9,9,9,1
2085,4111-06-30,Tuesday,761530,505,108790,25788,-4.826553,0.0345,54.748766,125.251234,23,0.78823,-5.0639,4.631,6,4,7,3
2090,4116-06-30,Tuesday,763357,507,109051,25850,-8.723065,0.8235,90.911531,89.088469,23,0.49324,-3.4432,4.651,2,4,7,2
2096,4122-06-30,Tuesday,765548,508,109364,25924,-2.986644,0.3704,27.652918,152.347082,23,0.94233,3.4604,4.676,8,8,5,4
2107,4133-06-30,Tuesday,769566,511,109938,26060,-1.146734,0.7063,0.260874,179.739126,23,0.9998,1.6,4.722,1,3,3,5
2113,4139-06-30,Tuesday,771757,512,110251,26134,4.589687,0.2532,52.645716,232.645716,0,0.80419,-0.6923,4.747,7,7,1,7
2118,4144-06-30,Tuesday,773584,514,110512,26196,0.693176,1.0422,13.110457,193.110457,0,0.98552,-4.5542,4.768,3,7,1,6
2124,4150-06-30,Tuesday,775775,515,110825,26270,6.429597,0.5891,70.941806,250.941806,0,0.66398,4.5023,4.793,9,2,8,8
2135,4161-06-30,Tuesday,779793,518,111399,26406,8.269507,0.925,99.191217,279.191217,0,0.42174,-4.6399,4.839,2,6,6,9
2141,4167-06-30,Tuesday,781984,519,111712,26480,14.005928,0.4719,171.418489,351.418489,0,0.00686,4.037,4.865,8,1,4,2
2146,4172-06-30,Tuesday,783811,521,111973,26542,10.109416,1.2609,128.095039,308.095039,0,0.19235,0.0694,4.886,4,1,4,1
2152,4178-06-30,Tuesday,786002,522,112286,26617,-13.684751,0.8078,157.693631,22.306369,23,0.03768,1.114,4.911,1,5,2,4
2163,4189-06-30,Tuesday,790020,525,112860,26753,-11.844842,1.1437,139.143061,40.856939,23,0.12363,-4.6542,4.958,3,9,9,5
2169,4195-06-30,Tuesday,792211,526,113173,26827,-6.10842,0.6905,56.899874,123.100126,23,0.7728,5.1245,4.984,9,4,7,7
2175,4201-06-30,Tuesday,794402,527,113486,26901,-0.371999,0.2374,0.049939,180.049939,20,0.99825,-4.8013,5.01,6,8,5,9
2181,4207-06-30,Tuesday,796593,528,113799,26975,5.364423,-0.2157,72.400201,252.400201,0,0.65177,5.2186,5.035,3,3,3,2
2186,4212-06-30,Tuesday,798420,530,114060,27037,1.467911,0.5733,15.90042,195.90042,0,0.97969,4.2285,5.057,8,3,3,1
2192,4218-06-30,Tuesday,800611,531,114373,27111,7.204332,0.1202,90.255696,270.255696,0,0.49905,-3.9569,5.083,5,7,1,3
2203,4229-06-30,Tuesday,804629,534,114947,27247,9.044242,0.4561,103.358355,283.358355,0,0.38569,0.2682,5.13,7,2,8,4
2209,4235-06-30,Tuesday,806820,535,115260,27322,-14.749926,0.003,166.703603,13.296397,23,0.01381,2.1161,5.156,4,6,6,7
2214,4240-06-30,Tuesday,808647,537,115521,27383,10.884151,0.792,126.04395,306.04395,0,0.20741,4.1045,5.178,9,6,6,5
2220,4246-06-30,Tuesday,810838,538,115834,27458,-12.910016,0.3389,139.944419,40.055581,23,0.11934,-5.1212,5.204,6,1,4,8
2231,4257-06-30,Tuesday,814856,541,116408,27594,-11.070107,0.6748,119.228634,60.771366,23,0.25719,3.4121,5.253,8,5,2,9
2237,4263-06-30,Tuesday,817047,542,116721,27668,-5.333685,0.2216,56.405956,123.594044,23,0.77694,-3.6835,5.279,5,9,9,2
2242,4268-06-30,Tuesday,818874,544,116982,27730,-9.230197,1.0107,106.068828,73.931172,23,0.36272,0.4586,5.301,1,9,9,1
2248,4274-06-30,Tuesday,821065,545,117295,27804,-3.493776,0.5576,28.02282,151.97718,23,0.94149,-1.425,5.328,7,4,7,3
2259,4285-06-30,Tuesday,825083,548,117869,27940,-1.653866,0.8935,4.345976,175.654024,23,0.9968,4.8261,5.376,9,8,5,4
2265,4291-06-30,Tuesday,827274,549,118182,28014,4.082555,0.4403,43.239773,223.239773,0,0.86385,-4.3841,5.403,6,3,3,6
2270,4296-06-30,Tuesday,829101,551,118443,28076,0.186044,1.2294,2.001253,182.001253,0,0.9981,-4.5999,5.425,2,3,3,5
2277,4303-06-30,Tuesday,831656,551,118808,28163,-13.975191,-0.4659,164.334459,15.665541,23,0.02049,-4.9827,5.457,9,2,8,2
2282,4308-06-30,Tuesday,833483,553,119069,28224,11.658886,0.3231,141.083529,321.083529,0,0.11258,-4.3521,5.479,5,2,8,9
2288,4314-06-30,Tuesday,835674,554,119382,28299,-12.135281,-0.13,140.256606,39.743394,23,0.11671,3.2763,5.506,2,6,6,3
2299,4325-06-30,Tuesday,839692,557,119956,28435,-10.295372,0.2059,111.078935,68.921065,23,0.3214,1.9467,5.555,4,1,4,4
2305,4331-06-30,Tuesday,841883,558,120269,28509,-4.55895,-0.2473,49.763371,130.236629,23,0.82351,-1.4348,5.583,1,5,2,6
2310,4336-06-30,Tuesday,843710,560,120530,28571,-8.455462,0.5418,84.680578,95.319422,23,0.54737,-5.2123,5.605,6,5,2,5
2316,4342-06-30,Tuesday,845901,561,120843,28645,-2.719041,0.0887,27.933344,152.066656,23,0.94043,4.8072,5.632,3,9,9,7
2327,4353-06-30,Tuesday,849919,564,121417,28781,-0.879131,0.4246,1.389097,178.610903,23,0.99881,-3.7005,5.683,5,4,7,8
2333,4359-06-30,Tuesday,852110,565,121730,28855,4.85729,-0.0286,62.137375,242.137375,0,0.73414,3.9124,5.71,2,8,5,1
2338,4364-06-30,Tuesday,853937,567,121991,28917,0.960779,0.7605,15.107212,195.107212,0,0.98283,-0.1359,5.733,7,8,5,9
2344,4370-06-30,Tuesday,856128,568,122304,28991,6.6972,0.3073,75.386546,255.386546,0,0.62737,-0.2361,5.76,4,3,3,2
2355,4381-06-30,Tuesday,860146,571,122878,29127,8.53711,0.6433,96.838161,276.838161,0,0.44195,-4.1128,5.811,6,7,1,3
2361,4387-06-30,Tuesday,862337,572,123191,29201,14.273531,0.1901,169.898199,10.101801,23,0.00964,4.9627,5.839,3,2,8,5
2366,4392-06-30,Tuesday,864164,574,123452,29263,10.377019,0.9792,126.457558,306.457558,0,0.20481,4.791,5.862,8,2,8,4
2372,4398-06-30,Tuesday,866355,575,123765,29338,-13.417148,0.526,149.098568,30.901432,23,0.0721,-3.5139,5.89,5,6,6,7
2383,4409-06-30,Tuesday,870373,578,124339,29474,-11.577239,0.8619,133.781676,46.218324,23,0.15469,-0.4396,5.941,7,1,4,8
2389,4415-06-30,Tuesday,872564,579,124652,29548,-5.840817,0.4088,55.745537,124.254463,23,0.7822,1.3767,5.969,4,5,2,1
2394,4420-06-30,Tuesday,874391,581,124913,29610,-9.737329,1.1979,114.369812,65.630188,23,0.29536,4.409,5.993,9,5,2,9
2400,4426-06-30,Tuesday,876582,582,125226,29684,-4.000908,0.7447,33.045193,146.954807,23,0.91797,-4.8194,6.021,6,9,9,2
2411,4437-06-30,Tuesday,880600,585,125800,29820,-2.160998,1.0806,15.506501,164.493499,23,0.98055,4.2386,6.072,8,4,7,3
2417,4443-06-30,Tuesday,882791,586,126113,29894,3.575423,0.6275,42.088096,222.088096,0,0.87055,-4.5575,6.101,5,8,5,5
2422,4448-06-30,Tuesday,884618,588,126374,29956,-0.321088,1.4165,0.158587,180.158587,18,0.99996,-0.7128,6.124,1,8,5,4
2428,4454-06-30,Tuesday,886809,589,126687,30030,5.415333,0.9634,71.382494,251.382494,0,0.66085,0.1149,6.153,7,3,3,6
2439,4465-06-30,Tuesday,890827,592,127261,30166,7.255243,1.2993,93.775055,273.775055,0,0.46846,4.2393,6.205,9,7,1,7
2445,4471-06-30,Tuesday,893018,593,127574,30240,12.991664,0.8462,153.071246,333.071246,0,0.05542,-3.7104,6.234,6,2,8,9
2450,4476-06-30,Tuesday,894845,595,127835,30302,9.095152,1.6352,107.169135,287.169135,0,0.35416,-5.1955,6.258,2,2,8,8
2456,4482-06-30,Tuesday,897036,596,128148,30377,-14.699015,1.1821,168.943117,11.056883,23,0.01071,4.2869,6.287,8,6,6,2
2467,4493-06-30,Tuesday,901054,599,128722,30513,-12.859106,1.518,141.078346,38.921654,23,0.11151,0.2472,6.339,1,1,4,3
2473,4499-06-30,Tuesday,903245,600,129035,30587,-7.122684,1.0649,82.900937,97.099063,23,0.56296,0.4911,6.368,7,5,2,5
2479,4505-06-30,Tuesday,905436,601,129348,30661,-1.386263,0.6117,2.40675,177.59325,23,0.99949,0.9494,6.397,4,9,9,7
2485,4511-06-30,Tuesday,907627,602,129661,30735,4.350158,0.1586,47.752581,227.752581,0,0.83691,0.2329,6.426,1,4,7,9
2490,4516-06-30,Tuesday,909454,604,129922,30797,0.453647,0.9476,8.953168,188.953168,0,0.99268,-4.1209,6.451,6,4,7,8
2496,4522-06-30,Tuesday,911645,605,130235,30871,6.190068,0.4945,68.408339,248.408339,0,0.68473,4.0788,6.48,3,8,5,1
2507,4533-06-30,Tuesday,915663,608,130809,31007,8.029978,0.8304,97.871754,277.871754,0,0.43313,-4.9036,6.534,5,3,3,2
2513,4539-06-30,Tuesday,917854,609,131122,31081,13.766399,0.3773,166.094212,346.094212,0,0.01625,4.5403,6.563,2,7,1,4
2518,4544-06-30,Tuesday,919681,611,131383,31143,9.869887,1.1663,125.63548,305.63548,0,0.2096,0.7804,6.587,7,7,1,3
2524,4550-06-30,Tuesday,921872,612,131696,31218,-13.92428,0.7132,162.543087,17.456913,23,0.02314,0.1972,6.617,4,2,8,6
2535,4561-06-30,Tuesday,925890,615,132270,31354,-12.084371,1.0491,142.065918,37.934082,23,0.10724,-4.2771,6.671,6,6,6,7
2541,4567-06-30,Tuesday,928081,616,132583,31428,-6.347949,0.596,60.80887,119.19113,23,0.74386,4.9245,6.701,3,1,4,9
2546,4572-06-30,Tuesday,929908,618,132844,31490,-10.244461,1.385,114.344796,65.655204,23,0.29566,4.6652,6.726,8,1,4,8
2552,4578-06-30,Tuesday,932099,619,133157,31564,-4.50804,0.9319,45.758348,134.241652,23,0.84831,-4.5296,6.755,5,5,2,1
2563,4589-06-30,Tuesday,936117,622,133731,31700,-2.66813,1.2678,27.56993,152.43007,23,0.94339,0.9,6.81,7,9,9,2
2569,4595-06-30,Tuesday,938308,623,134044,31774,3.068291,0.8147,41.953949,221.953949,0,0.87247,-0.279,6.84,4,4,7,4
2575,4601-06-30,Tuesday,940499,624,134357,31848,8.804713,0.3615,99.025559,279.025559,0,0.42284,1.1435,6.87,1,8,5,6
2581,4607-06-30,Tuesday,942690,625,134670,31922,14.541134,-0.0916,168.733827,11.266173,23,0.00985,1.4957,6.9,7,3,3,8
2586,4612-06-30,Tuesday,944517,627,134931,31984,10.644622,0.6974,123.884719,303.884719,0,0.22273,3.6531,6.926,3,3,3,7
2592,4618-06-30,Tuesday,946708,628,135244,32059,-13.149545,0.2443,143.390126,36.609874,23,0.1006,-4.9855,6.956,9,7,1,1
2603,4629-06-30,Tuesday,950726,631,135818,32195,-11.309636,0.5802,124.60036,55.39964,23,0.21759,4.0652,7.011,2,2,8,2
2609,4635-06-30,Tuesday,952917,632,136131,32269,-5.573214,0.1271,57.891553,122.108447,23,0.76598,-4.104,7.042,8,6,6,4
2614,4640-06-30,Tuesday,954744,634,136392,32331,-9.469726,0.9161,110.765558,69.234442,23,0.3238,-0.4521,7.067,4,6,6,3
2620,4646-06-30,Tuesday,956935,635,136705,32405,-3.733304,0.463,30.247335,149.752665,23,0.93218,-0.7563,7.098,1,1,4,5
2631,4657-06-30,Tuesday,960953,638,137279,32541,-1.893395,0.7989,8.450831,171.549169,23,0.99304,4.5326,7.154,3,5,2,6
2637,4663-06-30,Tuesday,963144,639,137592,32615,3.843026,0.3458,40.61184,220.61184,0,0.87929,-3.9509,7.185,9,9,9,8
2642,4668-06-30,Tuesday,964971,641,137853,32677,-0.053485,1.1348,0.261741,180.261741,6,0.99825,-4.8064,7.21,5,9,9,7
2648,4674-06-30,Tuesday,967162,642,138166,32751,5.682936,0.6817,69.096362,249.096362,0,0.67898,4.8916,7.241,2,4,7,9
2659,4685-06-30,Tuesday,971180,645,138740,32887,7.522846,1.0176,97.770751,277.770751,0,0.43372,-0.7909,7.298,4,8,5,1
2665,4691-06-30,Tuesday,973371,646,139053,32961,13.259267,0.5644,154.765199,334.765199,0,0.04809,1.458,7.329,1,3,3,3
2670,4696-06-30,Tuesday,975198,648,139314,33023,9.362755,1.3535,116.535372,296.535372,0,0.27807,-3.5457,7.355,6,3,3,2
2677,4703-06-30,Tuesday,977753,648,139679,33110,-4.798479,-0.3418,54.493508,125.506492,23,0.79113,-0.5395,7.391,4,2,8,8
2682,4708-06-30,Tuesday,979580,650,139940,33172,-8.694991,0.4472,88.531314,91.468686,23,0.51397,-5.0023,7.417,9,2,8,7
2688,4714-06-30,Tuesday,981771,651,140253,33246,-2.958569,-0.0059,30.733691,149.266309,23,0.92873,4.5285,7.448,6,6,6,9
2699,4725-06-30,Tuesday,985789,654,140827,33382,-1.11866,0.33,3.272855,176.727145,23,0.99791,-4.1052,7.506,8,1,4,1
2705,4731-06-30,Tuesday,987980,655,141140,33456,4.617762,-0.1231,56.633632,236.633632,0,0.77507,4.4724,7.537,5,5,2,3
2710,4736-06-30,Tuesday,989807,657,141401,33518,0.72125,0.6659,12.526273,192.526273,0,0.98815,0.5794,7.563,1,5,2,2
2716,4742-06-30,Tuesday,991998,658,141714,33592,6.457671,0.2128,71.017332,251.017332,0,0.6638,-1.1126,7.595,7,9,9,4
2727,4753-06-30,Tuesday,996016,661,142288,33728,8.297581,0.5487,94.829566,274.829566,0,0.45934,-3.6482,7.653,9,4,7,5
2733,4759-06-30,Tuesday,998207,662,142601,33802,14.034002,0.0955,173.451718,353.451718,0,0.00464,4.2333,7.685,6,8,5,7
2738,4764-06-30,Tuesday,1000034,664,142862,33864,10.13749,0.8846,124.894408,304.894408,0,0.21598,5.0044,7.711,2,8,5,6
2744,4770-06-30,Tuesday,1002225,665,143175,33939,-13.656677,0.4315,154.411197,25.588803,23,0.05044,-4.1289,7.743,8,3,3,9
2755,4781-06-30,Tuesday,1006243,668,143749,34075,-11.816768,0.7674,138.403629,41.596371,23,0.12664,0.4647,7.802,1,7,1,1
2761,4787-06-30,Tuesday,1008434,669,144062,34149,-6.080346,0.3142,57.908591,122.091409,23,0.7665,0.7011,7.834,7,2,8,3
2766,4792-06-30,Tuesday,1010261,671,144323,34211,-9.976858,1.1033,116.711952,63.288048,23,0.27682,3.9763,7.861,3,2,8,2
2772,4798-06-30,Tuesday,1012452,672,144636,34285,-4.240437,0.6502,37.481029,142.518971,23,0.89597,-4.4826,7.893,9,6,6,4
2783,4809-06-30,Tuesday,1016470,675,145210,34421,-2.400527,0.9861,20.873526,159.126474,23,0.96574,4.6958,7.952,2,1,4,5
2789,4815-06-30,Tuesday,1018661,676,145523,34495,3.335894,0.5329,40.434474,220.434474,0,0.87986,-4.8074,7.984,8,5,2,7
2794,4820-06-30,Tuesday,1020488,678,145784,34557,-0.560617,1.322,1.23641,178.76359,23,0.99976,-1.2886,8.011,4,5,2,6
2800,4826-06-30,Tuesday,1022679,679,146097,34631,5.175804,0.8688,68.981156,248.981156,0,0.6805,0.8283,8.044,1,9,9,8
2811,4837-06-30,Tuesday,1026697,682,146671,34767,7.015714,1.2048,88.918625,268.918625,0,0.5107,3.6179,8.104,3,4,7,9
2817,4843-06-30,Tuesday,1028888,683,146984,34841,12.752135,0.7516,150.918662,330.918662,0,0.06404,-3.2163,8.136,9,8,5,2
2822,4848-06-30,Tuesday,1030715,685,147245,34903,8.855623,1.5407,101.791832,281.791832,0,0.39947,-5.2751,8.164,5,8,5,1
2828,4854-06-30,Tuesday,1032906,686,147558,34977,14.592045,1.0875,170.813987,9.186013,23,0.00803,4.583,8.196,2,3,3,3
2839,4865-06-30,Tuesday,1036924,689,148132,35114,-13.098635,1.4234,143.536263,36.463737,23,0.09834,-0.4652,8.257,4,7,1,5
2845,4871-06-30,Tuesday,1039115,690,148445,35188,-7.362213,0.9703,86.963959,93.036041,23,0.52768,1.3402,8.29,1,2,8,7
2850,4876-06-30,Tuesday,1040942,692,148706,35250,-11.258725,1.7594,121.174197,58.825803,23,0.24269,-4.0149,8.317,6,2,8,6
2856,4882-06-30,Tuesday,1043133,693,149019,35324,-5.522304,1.3062,61.255297,118.744703,23,0.74094,3.5682,8.35,3,6,6,8
2867,4893-06-30,Tuesday,1047151,696,149593,35460,-3.682394,1.6421,32.033744,147.966256,23,0.92265,-4.8993,8.411,5,1,4,9
2873,4899-06-30,Tuesday,1049342,697,149906,35534,2.054027,1.189,22.246828,202.246828,0,0.96123,5.0133,8.444,2,5,2,2
2879,4905-06-30,Tuesday,1051533,698,150219,35608,7.790449,0.7359,96.454929,276.454929,0,0.44537,-5.1057,8.478,8,9,9,4
2885,4911-06-30,Tuesday,1053724,699,150532,35682,13.52687,0.2827,160.793227,340.793227,0,0.02968,4.8824,8.511,5,4,7,6
2890,4916-06-30,Tuesday,1055551,701,150793,35744,9.630358,1.0718,122.623157,302.623157,0,0.23148,1.5317,8.539,1,4,7,5
2896,4922-06-30,Tuesday,1057742,702,151106,35819,-14.163809,0.6186,166.894876,13.105124,23,0.01312,-0.6824,8.572,7,8,5,8
2907,4933-06-30,Tuesday,1061760,705,151680,35955,-12.3239,0.9545,144.499682,35.500318,23,0.0943,-3.8344,8.634,9,3,3,9
2913,4939-06-30,Tuesday,1063951,706,151993,36029,-6.587478,0.5014,65.331659,114.668341,23,0.70899,4.5671,8.668,6,7,1,2
2918,4944-06-30,Tuesday,1065778,708,152254,36091,-10.48399,1.2905,115.794586,64.205414,23,0.28429,4.9145,8.696,2,7,1,1
2924,4950-06-30,Tuesday,1067969,709,152567,36165,-4.747568,0.8373,51.215105,128.784895,23,0.81271,-4.9399,8.73,8,2,8,3
2935,4961-06-30,Tuesday,1071987,712,153141,36301,-2.907659,1.1732,31.308573,148.691427,23,0.92729,1.7048,8.792,1,6,6,4
2941,4967-06-30,Tuesday,1074178,713,153454,36375,2.828762,0.7201,39.288046,219.288046,0,0.88749,-1.0058,8.826,7,1,4,6
2946,4972-06-30,Tuesday,1076005,715,153715,36437,-1.067749,1.5091,5.762095,174.237905,23,0.99669,3.2415,8.854,3,1,4,5
2952,4978-06-30,Tuesday,1078196,716,154028,36511,4.668672,1.056,60.480533,240.480533,0,0.74687,-3.5522,8.888,9,5,2,7
2963,4989-06-30,Tuesday,1082214,719,154602,36647,6.508582,1.3919,73.999734,253.999734,0,0.63844,5.2654,8.951,2,9,9,8
2969,4995-06-30,Tuesday,1084405,720,154915,36721,12.245003,0.9388,150.947598,330.947598,0,0.0649,-4.9993,8.986,8,4,7,1
2975,5001-06-30,Tuesday,1086596,721,155228,36796,-11.549164,0.4856,130.125297,49.874703,23,0.1795,4.5818,9.02,5,8,5,4
2981,5007-06-30,Tuesday,1088787,722,155541,36870,-5.812743,0.0325,59.397962,120.602038,23,0.75469,-4.4703,9.054,2,3,3,6
2986,5012-06-30,Tuesday,1090614,724,155802,36932,-9.709255,0.8216,114.868378,65.131622,23,0.29081,-1.3029,9.083,7,3,3,5
2992,5018-06-30,Tuesday,1092805,725,156115,37006,-3.972833,0.3684,32.94865,147.05135,23,0.91992,-0.025,9.118,4,7,1,7
3003,5029-06-30,Tuesday,1096823,728,156689,37142,-2.132924,0.7043,13.099903,166.900097,23,0.9858,4.0761,9.181,6,2,8,8
3009,5035-06-30,Tuesday,1099014,729,157002,37216,3.603498,0.2512,38.374884,218.374884,0,0.89184,-3.4614,9.216,3,6,6,1
3014,5040-06-30,Tuesday,1100841,731,157263,37278,-0.293014,1.0402,0.212786,179.787214,14,0.99816,-4.9213,9.245,8,6,6,9
3020,5046-06-30,Tuesday,1103032,732,157576,37352,5.443407,0.5871,67.579697,247.579697,0,0.69115,5.0854,9.28,5,1,4,2
3031,5057-06-30,Tuesday,1107050,735,158150,37488,7.283317,0.923,94.815034,274.815034,0,0.45936,-1.5418,9.344,7,5,2,3
3037,5063-06-30,Tuesday,1109241,736,158463,37562,13.019738,0.4699,151.268286,331.268286,0,0.06218,2.2155,9.379,4,9,9,5
3042,5068-06-30,Tuesday,1111068,738,158724,37624,9.123226,1.2589,111.227454,291.227454,0,0.32028,-2.782,9.408,9,9,9,4
3048,5074-06-30,Tuesday,1113259,739,159037,37699,-14.670941,0.8058,172.235135,7.764865,23,0.00561,3.6376,9.443,6,4,7,7
3059,5085-06-30,Tuesday,1117277,742,159611,37835,-12.831032,1.1417,144.526549,35.473451,23,0.09471,-4.8353,9.508,8,8,5,8
3065,5091-06-30,Tuesday,1119468,743,159924,37909,-7.09461,0.6886,79.895408,100.104592,23,0.58851,5.0591,9.543,5,3,3,1
3070,5096-06-30,Tuesday,1121295,745,160185,37971,-10.991122,1.4776,116.644218,63.355782,23,0.2768,0.9992,9.573,1,3,3,9
3077,5103-06-30,Tuesday,1123850,745,160550,38057,4.378233,-0.2177,51.082125,231.082125,0,0.81377,4.8725,9.614,8,2,8,5
3082,5108-06-30,Tuesday,1125677,747,160811,38119,0.481721,0.5713,9.432001,189.432001,0,0.99316,1.334,9.644,4,2,8,4
3088,5114-06-30,Tuesday,1127868,748,161124,38193,6.218142,0.1182,67.228722,247.228722,0,0.69458,-1.9117,9.679,1,6,6,6
3099,5125-06-30,Tuesday,1131886,751,161698,38329,8.058052,0.4541,93.130552,273.130552,0,0.47411,-3.1378,9.745,3,1,4,7
3105,5131-06-30,Tuesday,1134077,752,162011,38403,13.794473,0.001,168.623035,348.623035,0,0.01088,3.6702,9.781,9,5,2,9
3110,5136-06-30,Tuesday,1135904,754,162272,38465,9.897961,0.79,123.118506,303.118506,0,0.22888,5.1489,9.811,5,5,2,8
3116,5142-06-30,Tuesday,1138095,755,162585,38540,-13.896206,0.3369,159.793375,20.206625,23,0.03243,-4.5984,9.846,2,9,9,2
3127,5153-06-30,Tuesday,1142113,758,163159,38676,-12.056296,0.6728,142.464852,37.535148,23,0.10408,1.307,9.912,4,4,7,3
3133,5159-06-30,Tuesday,1144304,759,163472,38750,-6.319875,0.2197,60.554015,119.445985,23,0.74673,-0.038,9.949,1,8,5,5
3138,5164-06-30,Tuesday,1146131,761,163733,38812,-10.216387,1.0087,118.6741,61.3259,23,0.26154,3.4913,9.979,6,8,5,4
3144,5170-06-30,Tuesday,1148322,762,164046,38886,-4.479965,0.5556,42.413937,137.586063,23,0.86876,-3.9779,10.015,3,3,3,6
3155,5181-06-30,Tuesday,1152340,765,164620,39022,-2.640056,0.8915,26.076632,153.923368,23,0.9476,4.9811,10.081,5,7,1,7
3161,5187-06-30,Tuesday,1154531,766,164933,39096,3.096366,0.4384,38.652646,218.652646,0,0.88957,-4.9865,10.118,2,2,8,9
3166,5192-06-30,Tuesday,1156358,768,165194,39158,-0.800146,1.2274,4.836581,175.163419,23,0.9979,-2.0576,10.148,7,2,8,8
3172,5198-06-30,Tuesday,1158549,769,165507,39232,4.936275,0.7743,66.001137,246.001137,0,0.7044,1.5783,10.185,4,6,6,1
3183,5209-06-30,Tuesday,1162567,772,166081,39368,6.776185,1.1102,83.632965,263.632965,0,0.55665,2.845,10.252,6,1,4,2
3189,5215-06-30,Tuesday,1164758,773,166394,39442,12.512606,0.657,149.02618,329.02618,0,0.07213,-2.6748,10.289,3,5,2,4
3194,5220-06-30,Tuesday,1166585,775,166655,39504,8.616094,1.4461,96.858154,276.858154,0,0.44181,-5.1772,10.319,8,5,2,3
3200,5226-06-30,Tuesday,1168776,776,166968,39578,14.352516,0.993,172.816604,7.183396,23,0.0057,4.8073,10.356,5,9,9,5
3211,5237-06-30,Tuesday,1172794,779,167542,39715,-13.338163,1.3289,146.530631,33.469369,23,0.08338,-1.2183,10.424,7,4,7,7
3217,5243-06-30,Tuesday,1174985,780,167855,39789,-7.601742,0.8757,90.406516,89.593484,23,0.49769,2.1099,10.461,4,8,5,9
3222,5248-06-30,Tuesday,1176812,782,168116,39851,-11.498254,1.6648,126.187389,53.812611,23,0.20606,-3.3233,10.492,9,8,5,8
3228,5254-06-30,Tuesday,1179003,783,168429,39925,-5.761833,1.2116,62.953115,117.046885,23,0.72803,3.0586,10.529,6,3,3,1
3239,5265-06-30,Tuesday,1183021,786,169003,40061,-3.921923,1.5476,34.084856,145.915144,23,0.91288,-5.0433,10.597,8,7,1,2
3245,5271-06-30,Tuesday,1185212,787,169316,40135,1.814498,1.0944,17.174668,197.174668,0,0.97602,5.0168,10.634,5,2,8,4
3250,5276-06-30,Tuesday,1187039,789,169577,40197,-2.082013,1.8835,10.780501,169.219499,23,0.99086,2.1455,10.665,1,2,8,3
3256,5282-06-30,Tuesday,1189230,790,169890,40271,3.654408,1.4303,37.229016,217.229016,0,0.89798,-3.3122,10.703,7,6,6,5
3267,5293-06-30,Tuesday,1193248,793,170464,40407,5.494318,1.7663,64.061662,244.061662,0,0.71975,-1.7161,10.772,9,1,4,6
3273,5299-06-30,Tuesday,1195439,794,170777,40481,11.230739,1.3131,134.071497,314.071497,0,0.15305,1.9224,10.809,6,5,2,8
3279,5305-06-30,Tuesday,1197630,795,171090,40556,-12.563428,0.86,146.627344,33.372656,23,0.08356,-3.3356,10.847,3,9,9,2
3285,5311-06-30,Tuesday,1199821,796,171403,40630,-6.827007,0.4068,70.364823,109.635177,23,0.66863,4.0379,10.885,9,4,7,4
3290,5316-06-30,Tuesday,1201648,798,171664,40692,-10.723519,1.1959,117.453228,62.546772,23,0.27142,5.0969,10.916,5,4,7,3
3296,5322-06-30,Tuesday,1203839,799,171977,40766,-4.987097,0.7427,56.427633,123.572367,23,0.77615,-5.1709,10.954,2,8,5,5
3307,5333-06-30,Tuesday,1207857,802,172551,40902,-3.147188,1.0787,34.536037,145.463963,23,0.91187,2.4295,11.023,4,3,3,6
3313,5339-06-30,Tuesday,1210048,803,172864,40976,2.589234,0.6255,36.039987,216.039987,0,0.90459,-1.764,11.061,1,7,1,8
3318,5344-06-30,Tuesday,1211875,805,173125,41038,-1.307278,1.4146,7.827348,172.172652,23,0.99481,2.6933,11.093,6,7,1,7
3324,5350-06-30,Tuesday,1214066,806,173438,41112,4.429143,0.9614,55.260055,235.260055,0,0.78547,-2.7629,11.131,3,2,8,9
3335,5361-06-30,Tuesday,1218084,809,174012,41248,6.269053,1.2974,69.02225,249.02225,0,0.67943,5.1518,11.202,5,6,6,1
3341,5367-06-30,Tuesday,1220275,810,174325,41322,12.005474,0.8442,148.71175,328.71175,0,0.07476,-5.074,11.24,2,1,4,3
3346,5372-06-30,Tuesday,1222102,812,174586,41384,8.108962,1.6333,90.562766,270.562766,0,0.49646,-3.9277,11.272,7,1,4,2
3352,5378-06-30,Tuesday,1224293,813,174899,41458,13.845384,1.1801,171.287308,351.287308,0,0.00634,2.6641,11.31,4,5,2,4
3363,5389-06-30,Tuesday,1228311,816,175473,41595,-13.845296,1.516,156.453488,23.546512,23,0.04244,2.9677,11.381,6,9,9,6
3369,5395-06-30,Tuesday,1230502,817,175786,41669,-8.108874,1.0629,91.829259,88.170741,23,0.48535,-3.0405,11.42,3,4,7,8
3375,5401-06-30,Tuesday,1232693,818,176099,41743,-2.372453,0.6098,18.16696,161.83304,23,0.9743,3.4539,11.458,9,8,5,1
3381,5407-06-30,Tuesday,1234884,819,176412,41817,3.363969,0.1566,36.421957,216.421957,0,0.90234,-2.9233,11.497,6,3,3,3
3386,5412-06-30,Tuesday,1236711,821,176673,41879,-0.532543,0.9457,0.005312,180.005312,23,0.99812,-4.9818,11.53,2,3,3,2
3392,5418-06-30,Tuesday,1238902,822,176986,41953,5.203878,0.4925,65.828347,245.828347,0,0.70505,5.2068,11.568,8,7,1,4
3403,5429-06-30,Tuesday,1242920,825,177560,42089,7.043788,0.8285,91.240482,271.240482,0,0.4905,-2.314,11.64,1,2,8,5
3409,5435-06-30,Tuesday,1245111,826,177873,42163,12.780209,0.3753,148.282411,328.282411,0,0.07558,2.8844,11.679,7,6,6,7
3414,5440-06-30,Tuesday,1246938,828,178134,42225,8.883697,1.1644,105.70777,285.70777,0,0.36588,-1.8934,11.712,3,6,6,6
3420,5446-06-30,Tuesday,1249129,829,178447,42299,14.620119,0.7112,174.378435,5.621565,23,0.00316,3.1271,11.751,9,1,4,8
3431,5457-06-30,Tuesday,1253147,832,179021,42436,-13.07056,1.0471,146.482153,33.517847,23,0.08514,-5.0002,11.823,2,5,2,1
3437,5463-06-30,Tuesday,1255338,833,179334,42510,-7.334139,0.594,85.144056,94.855944,23,0.54332,5.2594,11.862,8,9,9,3
3442,5468-06-30,Tuesday,1257165,835,179595,42572,-11.230651,1.3831,119.927616,60.072384,23,0.25159,1.7691,11.895,4,9,9,2
3448,5474-06-30,Tuesday,1259356,836,179908,42646,-5.494229,0.9299,64.308565,115.691435,23,0.7175,-2.708,11.935,1,4,7,4
3459,5485-06-30,Tuesday,1263374,839,180482,42782,-3.65432,1.2658,35.97163,144.02837,23,0.90466,-2.5518,12.007,3,8,5,5
3465,5491-06-30,Tuesday,1265565,840,180795,42856,2.082102,0.8127,25.233571,205.233571,0,0.95214,2.4285,12.047,9,3,3,7
3470,5496-06-30,Tuesday,1267392,842,181056,42918,-1.81441,1.6017,8.715461,171.284539,23,0.99237,5.0024,12.08,5,3,3,6
3477,5503-06-30,Tuesday,1269947,842,181421,43004,13.554944,-0.0936,163.47673,343.47673,0,0.02138,2.9518,12.126,3,2,8,2
3482,5508-06-30,Tuesday,1271774,844,181682,43066,9.658433,0.6955,120.999907,300.999907,0,0.24455,5.2123,12.16,8,2,8,1
3488,5514-06-30,Tuesday,1273965,845,181995,43141,-14.135735,0.2423,165.005177,14.994823,23,0.01888,-4.8949,12.2,5,6,6,4
3499,5525-06-30,Tuesday,1277983,848,182569,43277,-12.295825,0.5782,145.971472,34.028528,23,0.0863,2.07,12.273,7,1,4,5
3505,5531-06-30,Tuesday,1280174,849,182882,43351,-6.559404,0.1251,63.766809,116.233191,23,0.72196,-0.8337,12.313,4,5,2,7
3510,5536-06-30,Tuesday,1282001,851,183143,43413,-10.455916,0.9142,120.401882,59.598118,23,0.24829,2.9593,12.347,9,5,2,6
3516,5542-06-30,Tuesday,1284192,852,183456,43487,-4.719494,0.461,47.711697,132.288303,23,0.83648,-3.3074,12.387,6,9,9,8
3527,5553-06-30,Tuesday,1288210,855,184030,43623,-2.879585,0.7969,30.950839,149.049161,23,0.92739,5.0875,12.461,8,4,7,9
3533,5559-06-30,Tuesday,1290401,856,184343,43697,2.856837,0.3438,36.596339,216.596339,0,0.90037,-5.0851,12.501,5,8,5,2
3538,5564-06-30,Tuesday,1292228,858,184604,43759,-1.039675,1.1328,7.964581,172.035419,23,0.99462,-2.7403,12.535,1,8,5,1
3544,5570-06-30,Tuesday,1294419,859,184917,43833,4.696746,0.6797,62.401443,242.401443,0,0.73248,2.3456,12.575,7,3,3,3
3555,5581-06-30,Tuesday,1298437,862,185491,43969,6.536656,1.0156,78.114541,258.114541,0,0.60415,1.9481,12.65,9,7,1,4
3561,5587-06-30,Tuesday,1300628,863,185804,44043,12.273077,0.5625,147.217085,327.217085,0,0.08032,-2.0865,12.691,6,2,8,6
3566,5592-06-30,Tuesday,1302455,865,186065,44105,8.376565,1.3515,92.446397,272.446397,0,0.48004,-4.9246,12.725,2,2,8,5
3572,5598-06-30,Tuesday,1304646,866,186378,44179,14.112987,0.8984,173.958188,353.958188,0,0.00468,4.9805,12.765,8,6,6,7
3583,5609-06-30,Tuesday,1308664,869,186952,44316,-13.577692,1.2343,150.094185,29.905815,23,0.06715,-1.9955,12.841,1,1,4,9
3589,5615-06-30,Tuesday,1310855,870,187265,44390,-7.841271,0.7812,93.317052,86.682948,23,0.47236,2.7942,12.882,7,5,2,2
3594,5620-06-30,Tuesday,1312682,872,187526,44452,-11.737783,1.5702,131.511501,48.488499,23,0.1696,-2.4911,12.916,3,5,2,1
3600,5626-06-30,Tuesday,1314873,873,187839,44526,-6.001361,1.1171,64.533342,115.466658,23,0.71582,2.5014,12.957,9,9,9,3
3611,5637-06-30,Tuesday,1318891,876,188413,44662,-4.161452,1.453,36.504452,143.495548,23,0.90074,-5.0995,13.033,2,4,7,4
3617,5643-06-30,Tuesday,1321082,877,188726,44736,1.57497,0.9999,12.529915,192.529915,0,0.98643,4.854,13.074,8,8,5,6
3622,5648-06-30,Tuesday,1322909,879,188987,44798,-2.321542,1.7889,15.000364,164.999636,23,0.9824,2.9085,13.108,4,8,5,5
3628,5654-06-30,Tuesday,1325100,880,189300,44872,3.414879,1.3358,34.529444,214.529444,0,0.91148,-3.8314,13.15,1,3,3,7
3639,5665-06-30,Tuesday,1329118,883,189874,45008,5.254789,1.6717,62.5331,242.5331,0,0.73169,-1.0811,13.226,3,7,1,8
3645,5671-06-30,Tuesday,1331309,884,190187,45082,10.99121,1.2185,128.630313,308.630313,0,0.18865,0.9716,13.268,9,2,8,1
3650,5676-06-30,Tuesday,1333136,886,190448,45144,7.094698,2.0076,91.192594,271.192594,0,0.49098,5.046,13.302,5,2,8,9
3656,5682-06-30,Tuesday,1335327,887,190761,45218,12.83112,1.5545,147.710021,327.710021,0,0.07902,-4.5428,13.344,2,6,6,2
3667,5693-06-30,Tuesday,1339345,890,191335,45354,14.671029,1.8904,173.143942,353.143942,0,0.00494,4.2074,13.421,4,1,4,3
3673,5699-06-30,Tuesday,1341536,891,191648,45429,-9.123138,1.4372,94.795579,85.204421,23,0.45944,-2.5055,13.463,1,5,2,6
3679,5705-06-30,Tuesday,1343727,892,191961,45503,-3.386717,0.9841,37.275214,142.724786,23,0.89772,3.0671,13.505,7,9,9,8
3685,5711-06-30,Tuesday,1345918,893,192274,45577,2.349705,0.531,32.20857,212.20857,0,0.92304,-2.5268,13.547,4,4,7,1
3690,5716-06-30,Tuesday,1347745,895,192535,45639,-1.546807,1.32,9.782966,170.217034,23,0.99242,2.0974,13.582,9,4,7,9
3696,5722-06-30,Tuesday,1349936,896,192848,45713,4.189614,0.8669,49.850762,229.850762,0,0.82299,-1.8575,13.624,6,8,5,2
3707,5733-06-30,Tuesday,1353954,899,193422,45849,6.029524,1.2028,64.589778,244.589778,0,0.71487,4.8854,13.702,8,3,3,3
3713,5739-06-30,Tuesday,1356145,900,193735,45923,11.765945,0.7496,146.089348,326.089348,0,0.08708,-5.0496,13.744,5,7,1,5
3718,5744-06-30,Tuesday,1357972,902,193996,45985,7.869433,1.5387,88.440143,268.440143,0,0.51495,-4.3625,13.779,1,7,1,4
3724,5750-06-30,Tuesday,1360163,903,194309,46059,13.605855,1.0856,166.867017,346.867017,0,0.01399,3.3861,13.822,7,2,8,6
3735,5761-06-30,Tuesday,1364181,906,194883,46196,-14.084824,1.4215,161.695813,18.304187,23,0.02574,2.108,13.9,9,6,6,8
3741,5767-06-30,Tuesday,1366372,907,195196,46270,-8.348403,0.9683,93.323909,86.676091,23,0.47233,-2.4784,13.943,6,1,4,1
3746,5772-06-30,Tuesday,1368199,909,195457,46332,-12.244915,1.7574,144.906375,35.093625,23,0.09283,-4.9341,13.978,2,1,4,9
3752,5778-06-30,Tuesday,1370390,910,195770,46406,-6.508493,1.3042,64.230987,115.769013,23,0.71748,5.2344,14.021,8,5,2,2
3763,5789-06-30,Tuesday,1374408,913,196344,46542,-4.668584,1.6402,43.734092,136.265908,23,0.86126,-3.1765,14.1,1,9,9,3
3769,5795-06-30,Tuesday,1376599,914,196657,46616,1.067838,1.187,6.731062,186.731062,0,0.99545,3.8893,14.143,7,4,7,5
3775,5801-06-30,Tuesday,1378790,915,196970,46690,6.804259,0.7339,87.054073,267.054073,0,0.52696,-3.076,14.186,4,8,5,7
3781,5807-06-30,Tuesday,1380981,916,197283,46764,12.54068,0.2807,145.715344,325.715344,0,0.08805,3.465,14.229,1,3,3,9
3786,5812-06-30,Tuesday,1382808,918,197544,46826,8.644169,1.0698,100.188819,280.188819,0,0.4128,-0.9247,14.265,6,3,3,8
3792,5818-06-30,Tuesday,1384999,919,197857,46900,14.38059,0.6167,173.23843,353.23843,0,0.00369,1.6158,14.308,3,7,1,1
3803,5829-06-30,Tuesday,1389017,922,198431,47037,-13.310089,0.9526,148.767628,31.232372,23,0.0745,-5.0778,14.387,5,2,8,3
3809,5835-06-30,Tuesday,1391208,923,198744,47111,-7.573668,0.4994,89.953605,90.046395,23,0.50161,5.2794,14.431,2,6,6,5
3814,5840-06-30,Tuesday,1393035,925,199005,47173,-11.47018,1.2885,123.837067,56.162933,23,0.22269,2.5459,14.467,7,6,6,4
3820,5846-06-30,Tuesday,1395226,926,199318,47247,-5.733758,0.8353,66.790156,113.209844,23,0.69776,-3.3173,14.511,4,1,4,6
3831,5857-06-30,Tuesday,1399244,929,199892,47383,-3.893849,1.1713,37.755245,142.244755,23,0.89554,-1.9516,14.591,6,5,2,7
3837,5863-06-30,Tuesday,1401435,930,200205,47457,1.842573,0.7181,19.924829,199.924829,0,0.97008,1.5067,14.634,3,9,9,9
3842,5868-06-30,Tuesday,1403262,932,200466,47519,-2.053939,1.5072,11.481322,168.518678,23,0.98819,4.9713,14.671,8,9,9,8
3848,5874-06-30,Tuesday,1405453,933,200779,47593,3.682482,1.054,36.907593,216.907593,0,0.89895,-4.7373,14.715,5,4,7,1
3859,5885-06-30,Tuesday,1409471,936,201353,47729,5.522392,1.3899,60.036696,240.036696,0,0.75008,4.3234,14.795,7,8,5,2
3865,5891-06-30,Tuesday,1411662,937,201666,47803,11.258813,0.9368,137.799369,317.799369,0,0.13093,-3.6713,14.839,4,3,3,4
3870,5896-06-30,Tuesday,1413489,939,201927,47865,7.362301,1.7259,89.82694,269.82694,0,0.5029,0.5005,14.876,9,3,3,3
3877,5903-06-30,Tuesday,1416044,939,202292,47952,-6.798933,0.0305,67.575785,112.424215,23,0.69167,-1.669,14.927,7,2,8,9
3882,5908-06-30,Tuesday,1417871,941,202553,48014,-10.695445,0.8196,122.042195,57.957805,23,0.23591,2.3805,14.964,3,2,8,8
3888,5914-06-30,Tuesday,1420062,942,202866,48088,-4.959023,0.3664,53.187573,126.812427,23,0.80003,-2.493,15.009,9,6,6,1
3899,5925-06-30,Tuesday,1424080,945,203440,48224,-3.119114,0.7024,35.370869,144.629131,23,0.90651,5.0246,15.09,2,1,4,2
3905,5931-06-30,Tuesday,1426271,946,203753,48298,2.617308,0.2492,34.147199,214.147199,0,0.91263,-5.0876,15.134,8,5,2,4
3910,5936-06-30,Tuesday,1428098,948,204014,48360,-1.279204,1.0383,10.691775,169.308225,23,0.99052,-3.3348,15.171,4,5,2,3
3916,5942-06-30,Tuesday,1430289,949,204327,48434,4.457217,0.5851,58.189955,238.189955,0,0.76412,3.097,15.216,1,9,9,5
3927,5953-06-30,Tuesday,1434307,952,204901,48570,6.297127,0.921,72.599939,252.599939,0,0.65068,0.9747,15.298,3,4,7,6
3933,5959-06-30,Tuesday,1436498,953,205214,48644,12.033548,0.4679,145.383608,325.383608,0,0.08909,-1.4522,15.343,9,8,5,8
3938,5964-06-30,Tuesday,1438325,955,205475,48706,8.137037,1.257,88.640425,268.640425,0,0.51316,-4.5465,15.38,5,8,5,7
3944,5970-06-30,Tuesday,1440516,956,205788,48780,13.873458,0.8038,170.98402,350.98402,0,0.008,4.864,15.425,2,3,3,9
3955,5981-06-30,Tuesday,1444534,959,206362,48917,-13.817221,1.1397,154.231707,25.768293,23,0.05048,-2.7648,15.507,4,7,1,2
3961,5987-06-30,Tuesday,1446725,960,206675,48991,-8.0808,0.6866,95.756942,84.243058,23,0.4512,3.3911,15.552,1,2,8,4
3966,5992-06-30,Tuesday,1448552,962,206936,49053,-11.977312,1.4756,136.92446,43.07554,23,0.13547,-1.5594,15.59,6,2,8,3
3972,5998-06-30,Tuesday,1450743,963,207249,49127,-6.24089,1.0225,66.11237,113.88763,23,0.70342,1.8978,15.635,3,6,6,5
3983,6009-06-30,Tuesday,1454761,966,207823,49263,-4.400981,1.3584,39.347858,140.652142,23,0.88563,-5.0493,15.718,5,1,4,6
3989,6015-06-30,Tuesday,1456952,967,208136,49337,1.335441,0.9053,8.389013,188.389013,0,0.99314,4.5492,15.763,2,5,2,8
3994,6020-06-30,Tuesday,1458779,969,208397,49399,-2.561071,1.6943,19.706496,160.293504,23,0.96989,3.6225,15.801,7,5,2,7
4000,6026-06-30,Tuesday,1460970,970,208710,49473,3.17535,1.2412,32.163942,212.163942,0,0.92253,-4.2551,15.847,4,9,9,9
4011,6037-06-30,Tuesday,1464988,973,209284,49609,5.01526,1.5771,60.893683,240.893683,0,0.74429,-0.414,15.93,6,4,7,1
4017,6043-06-30,Tuesday,1467179,974,209597,49683,10.751681,1.124,123.365675,303.365675,0,0.22588,-0.0112,15.976,3,8,5,3
4022,6048-06-30,Tuesday,1469006,976,209858,49745,6.855169,1.913,88.135972,268.135972,0,0.51754,4.7512,16.014,8,8,5,2
4028,6054-06-30,Tuesday,1471197,977,210171,49819,12.591591,1.4599,144.173029,324.173029,0,0.0961,-4.122,16.06,5,3,3,4
4039,6065-06-30,Tuesday,1475215,980,210745,49955,14.4315,1.7958,170.896348,350.896348,0,0.00789,4.5456,16.144,7,7,1,5
4045,6071-06-30,Tuesday,1477406,981,211058,50030,-9.362667,1.3427,99.235104,80.764896,23,0.42106,-3.2685,16.19,4,2,8,8
4050,6076-06-30,Tuesday,1479233,983,211319,50092,-13.259179,2.1317,151.172582,28.827418,23,0.06231,0.736,16.228,9,2,8,7
4056,6082-06-30,Tuesday,1481424,984,211632,50166,-7.522757,1.6786,86.398989,93.601011,23,0.53258,-0.6623,16.274,6,6,6,9
4067,6093-06-30,Tuesday,1485442,987,212206,50302,-5.682848,2.0145,68.312333,111.687667,23,0.68525,4.4404,16.359,8,1,4,1
4073,6099-06-30,Tuesday,1487633,988,212519,50376,0.053574,1.5614,2.422533,182.422533,0,0.99803,-4.5008,16.405,5,5,2,3
4079,6105-06-30,Tuesday,1489824,989,212832,50450,5.789995,1.1082,60.721156,240.721156,0,0.74483,4.495,16.452,2,9,9,5
4085,6111-06-30,Tuesday,1492015,990,213145,50524,11.526416,0.6551,142.984401,322.984401,0,0.10271,-4.9067,16.498,8,4,7,7
4090,6116-06-30,Tuesday,1493842,992,213406,50586,7.629905,1.4441,86.595404,266.595404,0,0.53098,-4.7114,16.537,4,4,7,6
4096,6122-06-30,Tuesday,1496033,993,213719,50660,13.366326,0.991,161.956076,341.956076,0,0.02589,4.0339,16.583,1,8,5,8
4107,6133-06-30,Tuesday,1500051,996,214293,50797,-14.324353,1.3269,166.972809,13.027191,23,0.01303,1.1642,16.669,3,3,3,1
4113,6139-06-30,Tuesday,1502242,997,214606,50871,-8.587932,0.8738,94.846837,85.153163,23,0.45907,-1.8699,16.716,9,7,1,3
4118,6144-06-30,Tuesday,1504069,999,214867,50933,-12.484444,1.6628,149.032674,30.967326,23,0.07301,-4.6201,16.755,5,7,1,2
4124,6150-06-30,Tuesday,1506260,1000,215180,51007,-6.748022,1.2097,67.018832,112.981168,23,0.69547,5.1706,16.801,2,2,8,4
4135,6161-06-30,Tuesday,1510278,1003,215754,51143,-4.908113,1.5456,48.69309,131.30691,23,0.82992,-3.8876,16.887,4,6,6,5
4141,6167-06-30,Tuesday,1512469,1004,216067,51217,0.828309,1.0925,4.369564,184.369564,0,0.99717,4.295,16.934,1,1,4,7
4146,6172-06-30,Tuesday,1514296,1006,216328,51279,-3.068203,1.8815,33.317727,146.682273,23,0.91813,0.0273,16.974,6,1,4,6
4152,6178-06-30,Tuesday,1516487,1007,216641,51353,2.668218,1.4284,31.955722,211.955722,0,0.92465,0.223,17.021,3,5,2,8
4163,6189-06-30,Tuesday,1520505,1010,217215,51489,4.508128,1.7643,58.953418,238.953418,0,0.75802,-4.6379,17.107,5,9,9,9
4169,6195-06-30,Tuesday,1522696,1011,217528,51563,10.244549,1.3111,114.319135,294.319135,0,0.29571,4.0852,17.155,2,4,7,2
4175,6201-06-30,Tuesday,1524887,1012,217841,51638,-13.549618,0.858,151.473697,28.526303,23,0.06271,-5.0503,17.202,8,8,5,5
4181,6207-06-30,Tuesday,1527078,1013,218154,51712,-7.813197,0.4049,94.230726,85.769274,23,0.46448,5.1371,17.249,5,3,3,7
4186,6212-06-30,Tuesday,1528905,1015,218415,51774,-11.709709,1.1939,128.303182,51.696818,23,0.19134,3.2911,17.289,1,3,3,6
4192,6218-06-30,Tuesday,1531096,1016,218728,51848,-5.973287,0.7408,68.932017,111.067983,23,0.68042,-3.8445,17.337,7,7,1,8
4203,6229-06-30,Tuesday,1535114,1019,219302,51984,-4.133378,1.0767,39.637332,140.362668,23,0.88544,-1.3029,17.424,9,2,8,9
4209,6235-06-30,Tuesday,1537305,1020,219615,52058,1.603044,0.6236,14.705079,194.705079,0,0.9837,0.5332,17.472,6,6,6,2
4214,6240-06-30,Tuesday,1539132,1022,219876,52120,-2.293468,1.4126,14.718242,165.281758,23,0.98195,4.8168,17.512,2,6,6,1
4220,6246-06-30,Tuesday,1541323,1023,220189,52194,3.442953,0.9595,33.057069,213.057069,0,0.9183,-4.3348,17.559,8,1,4,3
4231,6257-06-30,Tuesday,1545341,1026,220763,52330,5.282863,1.2954,58.049442,238.049442,0,0.76475,4.6671,17.647,1,5,2,4
4237,6263-06-30,Tuesday,1547532,1027,221076,52404,11.019284,0.8422,132.668175,312.668175,0,0.16276,-4.3009,17.695,7,9,9,6
4242,6268-06-30,Tuesday,1549359,1029,221337,52466,7.122773,1.6313,88.077984,268.077984,0,0.51815,-0.1883,17.735,3,9,9,5
4248,6274-06-30,Tuesday,1551550,1030,221650,52540,12.859194,1.1782,148.574205,328.574205,0,0.0737,0.6646,17.784,9,4,7,7
4259,6285-06-30,Tuesday,1555568,1033,222224,52676,14.699104,1.5141,170.67441,350.67441,0,0.00771,3.7698,17.872,2,8,5,8
4265,6291-06-30,Tuesday,1557759,1034,222537,52751,-9.095064,1.0609,95.284075,84.715925,23,0.45539,-5.2193,17.92,8,3,3,2
4270,6296-06-30,Tuesday,1559586,1036,222798,52813,-12.991576,1.85,152.94059,27.05941,23,0.05629,-4.3311,17.961,4,3,3,1
4277,6303-06-30,Tuesday,1562141,1036,223163,52899,2.377779,0.1547,31.264677,211.264677,0,0.92618,-4.975,18.017,2,2,8,6
4282,6308-06-30,Tuesday,1563968,1038,223424,52961,-1.518733,0.9437,13.095323,166.904677,23,0.98596,-3.8418,18.058,7,2,8,5
4288,6314-06-30,Tuesday,1566159,1039,223737,53035,4.217688,0.4906,53.457942,233.457942,0,0.7979,3.7875,18.106,4,6,6,7
4299,6325-06-30,Tuesday,1570177,1042,224311,53171,6.057598,0.8265,67.278331,247.278331,0,0.69425,-0.02,18.196,6,1,4,8
4305,6331-06-30,Tuesday,1572368,1043,224624,53245,11.79402,0.3733,143.423307,323.423307,0,0.09899,-0.7717,18.244,3,5,2,1
4310,6336-06-30,Tuesday,1574195,1045,224885,53307,7.897508,1.1624,85.383348,265.383348,0,0.54149,-4.0714,18.285,8,5,2,9
4316,6342-06-30,Tuesday,1576386,1046,225198,53381,13.633929,0.7093,167.535004,347.535004,0,0.01344,4.6146,18.334,5,9,9,2
4327,6353-06-30,Tuesday,1580404,1049,225772,53518,-14.05675,1.0452,158.875042,21.124958,23,0.03462,-3.4853,18.424,7,4,7,4
4333,6359-06-30,Tuesday,1582595,1050,226085,53592,-8.320329,0.592,97.858899,82.141101,23,0.43306,3.9049,18.473,4,8,5,6
4338,6364-06-30,Tuesday,1584422,1052,226346,53654,-12.216841,1.3811,142.237851,37.762149,23,0.10519,-0.5778,18.514,9,8,5,5
4344,6370-06-30,Tuesday,1586613,1053,226659,53728,-6.480419,0.9279,67.808108,112.191892,23,0.6899,1.245,18.563,6,3,3,7
4355,6381-06-30,Tuesday,1590631,1056,227233,53864,-4.64051,1.2639,42.696112,137.303888,23,0.8667,-4.8722,18.654,8,7,1,8
4361,6387-06-30,Tuesday,1592822,1057,227546,53938,1.095912,0.8107,4.745265,184.745265,0,0.99702,4.1289,18.703,5,2,8,1
4366,6392-06-30,Tuesday,1594649,1059,227807,54000,-2.8006,1.5998,24.820733,155.179267,23,0.95275,4.2418,18.744,1,2,8,9
4372,6398-06-30,Tuesday,1596840,1060,228120,54074,2.935821,1.1466,30.00082,210.00082,0,0.93201,-4.5885,18.794,7,6,6,2
4383,6409-06-30,Tuesday,1600858,1063,228694,54210,4.775731,1.4825,58.994244,238.994244,0,0.75859,0.2864,18.885,9,1,4,3
4389,6415-06-30,Tuesday,1603049,1064,229007,54284,10.512152,1.0294,118.441417,298.441417,0,0.26288,-0.9761,18.934,6,5,2,5
4394,6420-06-30,Tuesday,1604876,1066,229268,54346,6.615641,1.8185,84.484904,264.484904,0,0.54923,4.3132,18.976,2,5,2,4
4400,6426-06-30,Tuesday,1607067,1067,229581,54420,12.352062,1.3653,141.127706,321.127706,0,0.11202,-3.6132,19.026,8,9,9,6
4411,6437-06-30,Tuesday,1611085,1070,230155,54556,14.191972,1.7012,168.771011,348.771011,0,0.01135,4.794,19.117,1,4,7,7
4417,6443-06-30,Tuesday,1613276,1071,230468,54631,-9.602196,1.2481,104.198674,75.801326,23,0.37878,-3.9633,19.167,7,8,5,1
4422,6448-06-30,Tuesday,1615103,1073,230729,54693,-13.498708,2.0371,153.272315,26.727685,23,0.05369,0.0293,19.209,3,8,5,9
4428,6454-06-30,Tuesday,1617294,1074,231042,54767,-7.762286,1.584,91.596385,88.403615,23,0.48727,0.3261,19.259,9,3,3,2
4439,6465-06-30,Tuesday,1621312,1077,231616,54903,-5.922377,1.9199,71.38958,108.61042,23,0.66028,3.9648,19.351,2,7,1,3
4445,6471-06-30,Tuesday,1623503,1078,231929,54977,-0.185955,1.4668,0.186946,180.186946,3,0.99869,-4.1529,19.401,8,2,8,5
4450,6476-06-30,Tuesday,1625330,1080,232190,55039,-4.082467,2.2558,42.550422,137.449578,23,0.8676,-4.8211,19.443,4,2,8,4
4456,6482-06-30,Tuesday,1627521,1081,232503,55113,1.653954,1.8027,18.311308,198.311308,0,0.97318,4.7879,19.494,1,6,6,6
4467,6493-06-30,Tuesday,1631539,1084,233077,55249,3.493864,2.1386,34.935498,214.935498,0,0.91014,-1.8968,19.586,3,1,4,7
4473,6499-06-30,Tuesday,1633730,1085,233390,55323,9.230285,1.6855,114.443671,294.443671,0,0.29426,0.879,19.637,9,5,2,9
4479,6505-06-30,Tuesday,1635921,1086,233703,55398,-14.563882,1.2323,172.082944,7.917056,23,0.00479,0.1895,19.688,6,9,9,3
4485,6511-06-30,Tuesday,1638112,1087,234016,55472,-8.827461,0.7792,96.492081,83.507919,23,0.44476,-1.2151,19.738,3,4,7,5
4490,6516-06-30,Tuesday,1639939,1089,234277,55534,-12.723973,1.5682,152.654778,27.345222,23,0.05734,-4.1932,19.781,8,4,7,4
4496,6522-06-30,Tuesday,1642130,1090,234590,55608,-6.987551,1.1151,70.303268,109.696732,23,0.66897,4.9778,19.831,5,8,5,6
4507,6533-06-30,Tuesday,1646148,1093,235164,55744,-5.147642,1.451,53.987113,126.012887,23,0.79382,-4.4895,19.925,7,3,3,7
4513,6539-06-30,Tuesday,1648339,1094,235477,55818,0.58878,0.9979,2.169308,182.169308,0,0.99804,4.6093,19.976,4,7,1,9
4518,6544-06-30,Tuesday,1650166,1096,235738,55880,-3.307732,1.7869,38.097855,141.902145,23,0.89383,0.9799,20.018,9,7,1,8
4524,6550-06-30,Tuesday,1652357,1097,236051,55954,2.428689,1.3338,29.769768,209.769768,0,0.93437,-0.4946,20.07,6,2,8,1
4535,6561-06-30,Tuesday,1656375,1100,236625,56090,4.268599,1.6697,55.258721,235.258721,0,0.78509,-4.168,20.164,8,6,6,2
4541,6567-06-30,Tuesday,1658566,1101,236938,56164,10.00502,1.2166,111.521638,291.521638,0,0.31808,3.5575,20.215,5,1,4,4
4546,6572-06-30,Tuesday,1660393,1103,237199,56226,6.108509,2.0056,71.930185,251.930185,0,0.65563,5.142,20.258,1,1,4,3
4552,6578-06-30,Tuesday,1662584,1104,237512,56300,11.84493,1.5525,140.657849,320.657849,0,0.11532,-4.9532,20.309,7,5,2,5
4563,6589-06-30,Tuesday,1666602,1107,238086,56436,13.68484,1.8884,167.419707,347.419707,0,0.0122,1.3267,20.404,9,9,9,6
4569,6595-06-30,Tuesday,1668793,1108,238399,56511,-10.109328,1.4353,119.132191,60.867809,23,0.25752,-0.2945,20.455,6,4,7,9
4575,6601-06-30,Tuesday,1670984,1109,238712,56585,-4.372907,0.9821,41.70406,138.29594,23,0.87381,-0.6067,20.507,3,8,5,2
4581,6607-06-30,Tuesday,1673175,1110,239025,56659,1.363515,0.529,9.734734,189.734734,0,0.99284,-0.4398,20.559,9,3,3,4
4586,6612-06-30,Tuesday,1675002,1112,239286,56721,-2.532997,1.318,18.458357,161.541643,23,0.97291,4.5185,20.602,5,3,3,3
4592,6618-06-30,Tuesday,1677193,1113,239599,56795,3.203424,0.8649,29.715646,209.715646,0,0.93365,-3.8371,20.654,2,7,1,5
4603,6629-06-30,Tuesday,1681211,1116,240173,56931,5.043334,1.2008,56.209269,236.209269,0,0.77805,4.9256,20.749,4,2,8,6
4609,6635-06-30,Tuesday,1683402,1117,240486,57005,10.779755,0.7477,127.2548,307.2548,0,0.19917,-4.7923,20.801,1,6,6,8
4614,6640-06-30,Tuesday,1685229,1119,240747,57067,6.883244,1.5367,86.015256,266.015256,0,0.53611,-0.9076,20.845,6,6,6,7
4620,6646-06-30,Tuesday,1687420,1120,241060,57141,12.619665,1.0836,143.998902,323.998902,0,0.09608,1.5868,20.897,3,1,4,9
4631,6657-06-30,Tuesday,1691438,1123,241634,57277,14.459575,1.4195,167.693823,347.693823,0,0.01232,3.2108,20.993,5,5,2,1
4637,6663-06-30,Tuesday,1693629,1124,241947,57352,-9.334593,0.9664,98.525059,81.474941,23,0.42738,-5.0147,21.045,2,9,9,4
4642,6668-06-30,Tuesday,1695456,1126,242208,57414,-13.231105,1.7554,155.079427,24.920573,23,0.04829,-4.6446,21.089,7,9,9,3
4648,6674-06-30,Tuesday,1697647,1127,242521,57488,-7.494683,1.3023,81.785757,98.214243,23,0.57236,4.5655,21.141,4,4,7,5
4659,6685-06-30,Tuesday,1701665,1130,243095,57624,-5.654774,1.6382,68.015175,111.984825,23,0.68814,-1.2554,21.238,6,8,5,6
4665,6691-06-30,Tuesday,1703856,1131,243408,57698,0.081648,1.185,0.995784,180.995784,0,0.99988,0.7901,21.291,3,3,3,8
4670,6696-06-30,Tuesday,1705683,1133,243669,57760,-3.814864,1.9741,44.525192,135.474808,23,0.8564,-3.4785,21.335,8,3,3,7
4677,6703-06-30,Tuesday,1708238,1133,244034,57846,11.554491,0.2788,141.189638,321.189638,0,0.11092,-0.0449,21.396,6,2,8,3
4682,6708-06-30,Tuesday,1710065,1135,244295,57908,7.657979,1.0678,82.591025,262.591025,0,0.56571,-3.5214,21.44,2,2,8,2
4688,6714-06-30,Tuesday,1712256,1136,244608,57982,13.3944,0.6147,163.568491,343.568491,0,0.02182,4.2138,21.493,8,6,6,4
4699,6725-06-30,Tuesday,1716274,1139,245182,58119,-14.296279,0.9506,163.912391,16.087609,23,0.02091,-4.1097,21.59,1,1,4,6
4705,6731-06-30,Tuesday,1718465,1140,245495,58193,-8.559858,0.4975,99.745864,80.254136,23,0.41687,4.3389,21.643,7,5,2,8
4710,6736-06-30,Tuesday,1720292,1142,245756,58255,-12.45637,1.2865,147.279334,32.720666,23,0.07971,0.4019,21.688,3,5,2,7
4716,6742-06-30,Tuesday,1722483,1143,246069,58329,-6.719948,0.8334,69.739236,110.260764,23,0.67425,0.5426,21.741,9,9,9,9
4727,6753-06-30,Tuesday,1726501,1146,246643,58465,-4.880039,1.1693,46.568713,133.431287,23,0.84328,-4.5478,21.839,2,4,7,1
4733,6759-06-30,Tuesday,1728692,1147,246956,58539,0.856383,0.7161,1.555405,181.555405,0,0.99883,3.6172,21.892,8,8,5,3
4738,6764-06-30,Tuesday,1730519,1149,247217,58601,-3.040129,1.5052,30.184131,149.815869,23,0.931,4.7189,21.937,4,8,5,2
4744,6770-06-30,Tuesday,1732710,1150,247530,58675,2.696293,1.0521,27.944849,207.944849,0,0.94048,-4.8323,21.99,1,3,3,4
4755,6781-06-30,Tuesday,1736728,1153,248104,58811,4.536202,1.388,56.79039,236.79039,0,0.77479,1.0148,22.089,3,7,1,5
4761,6787-06-30,Tuesday,1738919,1154,248417,58885,10.272623,0.9348,113.95557,293.95557,0,0.29817,-1.8782,22.142,9,2,8,7
4766,6792-06-30,Tuesday,1740746,1156,248678,58947,6.376112,1.7239,80.311087,260.311087,0,0.58525,3.7218,22.187,5,2,8,6
4772,6798-06-30,Tuesday,1742937,1157,248991,59021,12.112533,1.2708,138.489739,318.489739,0,0.1267,-3.0372,22.241,2,6,6,8
4783,6809-06-30,Tuesday,1746955,1160,249565,59157,13.952443,1.6067,166.667722,346.667722,0,0.01537,4.9508,22.34,4,1,4,9
4789,6815-06-30,Tuesday,1749146,1161,249878,59232,-9.841725,1.1535,109.508067,70.491933,23,0.33462,-4.5386,22.394,1,5,2,3
4794,6820-06-30,Tuesday,1750973,1163,250139,59294,-13.738237,1.9426,155.662302,24.337698,23,0.04469,-0.7078,22.439,6,5,2,2
4800,6826-06-30,Tuesday,1753164,1164,250452,59368,-8.001815,1.4894,96.371827,83.628173,23,0.44573,1.2727,22.493,3,9,9,4
4811,6837-06-30,Tuesday,1757182,1167,251026,59504,-6.161906,1.8254,74.000447,105.999553,23,0.63872,3.4171,22.593,5,4,7,5
4817,6843-06-30,Tuesday,1759373,1168,251339,59578,-0.425484,1.3722,0.200008,179.799992,10,0.99888,-3.84,22.647,2,8,5,7
4822,6848-06-30,Tuesday,1761200,1170,251600,59640,-4.321996,2.1613,44.450641,135.549359,23,0.85616,-5.0243,22.692,7,8,5,6
4828,6854-06-30,Tuesday,1763391,1171,251913,59714,1.414425,1.7081,12.970643,192.970643,0,0.98549,4.9851,22.747,4,3,3,8
4839,6865-06-30,Tuesday,1767409,1174,252487,59850,3.254335,2.044,30.596527,210.596527,0,0.93029,-2.7028,22.847,6,7,1,9
4845,6871-06-30,Tuesday,1769600,1175,252800,59924,8.990756,1.5909,111.916812,291.916812,0,0.31461,1.6268,22.901,3,2,8,2
4850,6876-06-30,Tuesday,1771427,1177,253061,59986,5.094245,2.38,53.154066,233.154066,0,0.80056,-2.0892,22.947,8,2,8,1
4856,6882-06-30,Tuesday,1773618,1178,253374,60060,10.830666,1.9268,131.10743,311.10743,0,0.17241,2.9013,23.002,5,6,6,3
4867,6893-06-30,Tuesday,1777636,1181,253948,60196,12.670576,2.2627,146.494592,326.494592,0,0.08508,-5.0452,23.102,7,1,4,4
4873,6899-06-30,Tuesday,1779827,1182,254261,60271,-11.123592,1.8096,128.883016,51.116984,23,0.18811,4.9428,23.157,4,5,2,7
4879,6905-06-30,Tuesday,1782018,1183,254574,60345,-5.387171,1.3565,59.47344,120.52656,23,0.75387,-4.9377,23.212,1,9,9,9
4885,6911-06-30,Tuesday,1784209,1184,254887,60419,0.349251,0.9033,0.016982,180.016982,0,0.99823,4.8321,23.267,7,4,7,2
4890,6916-06-30,Tuesday,1786036,1186,255148,60481,-3.547261,1.6924,42.459907,137.540093,23,0.86918,1.8709,23.313,3,4,7,1
4896,6922-06-30,Tuesday,1788227,1187,255461,60555,2.18916,1.2392,27.232989,207.232989,0,0.94479,-1.2368,23.368,9,8,5,3
4907,6933-06-30,Tuesday,1792245,1190,256035,60691,4.02907,1.5751,51.041114,231.041114,0,0.81459,-3.5431,23.47,2,3,3,4
4913,6939-06-30,Tuesday,1794436,1191,256348,60765,9.765491,1.122,109.110525,289.110525,0,0.33774,2.9702,23.525,8,7,1,6
4918,6944-06-30,Tuesday,1796263,1193,256609,60827,5.86898,1.9111,66.377374,246.377374,0,0.70061,5.2442,23.571,4,7,1,5
4924,6950-06-30,Tuesday,1798454,1194,256922,60901,11.605401,1.4579,138.703693,318.703693,0,0.12643,-5.0835,23.627,1,2,8,7
4935,6961-06-30,Tuesday,1802472,1197,257496,61037,13.445311,1.7938,164.43189,344.43189,0,0.01876,2.0779,23.729,3,6,6,8
4941,6967-06-30,Tuesday,1804663,1198,257809,61112,-10.348857,1.3407,123.928093,56.071907,23,0.22185,-1.2434,23.784,9,1,4,2
4946,6972-06-30,Tuesday,1806490,1200,258070,61174,-14.245369,2.1297,161.698205,18.301795,23,0.02635,3.6026,23.831,5,1,4,1
4952,6978-06-30,Tuesday,1808681,1201,258383,61248,-8.508947,1.6766,102.809726,77.190274,23,0.39057,-3.3919,23.887,2,5,2,3
4963,6989-06-30,Tuesday,1812699,1204,258957,61384,-6.669038,2.0125,73.020428,106.979572,23,0.6466,5.1572,23.989,4,9,9,4
4969,6995-06-30,Tuesday,1814890,1205,259270,61458,-0.932616,1.5594,4.6067,175.3933,23,0.99663,-4.8208,24.045,1,4,7,6
4975,7001-06-30,Tuesday,1817081,1206,259583,61532,4.803805,1.1062,54.370167,234.370167,0,0.79108,5.0981,24.101,7,8,5,8
4981,7007-06-30,Tuesday,1819272,1207,259896,61606,10.540227,0.6531,121.749705,301.749705,0,0.23885,-5.1069,24.157,4,3,3,1
4986,7012-06-30,Tuesday,1821099,1209,260157,61668,6.643715,1.4422,83.532418,263.532418,0,0.55764,-1.649,24.204,9,3,3,9
4992,7018-06-30,Tuesday,1823290,1210,260470,61742,12.380136,0.989,139.870133,319.870133,0,0.11858,2.429,24.26,6,7,1,2
